PlotNumber,Site,ProjectID,Treatment,Year,SiteSurveyor,RelocationConfidence,Longitude,Latitude,Elevation,Species,present,Functional_group
02-3085_2025,02-3085,Manning Park Project 2025,2025,2025,CML RNW,High,-120.763904,49.14058498,2038.597534,ABIEAMA,0,tree
02-3085_2025,02-3085,Manning Park Project 2025,2025,2025,CML RNW,High,-120.763904,49.14058498,2038.597534,ABIELAS,1,tree
02-3085_2025,02-3085,Manning Park Project 2025,2025,2025,CML RNW,High,-120.763904,49.14058498,2038.597534,AMELALN,0,shrub
02-3085_2025,02-3085,Manning Park Project 2025,2025,2025,CML RNW,High,-120.763904,49.14058498,2038.597534,ARNILAT,0,herb
02-3085_2025,02-3085,Manning Park Project 2025,2025,2025,CML RNW,High,-120.763904,49.14058498,2038.597534,CHAMANG,0,herb
02-3085_2025,02-3085,Manning Park Project 2025,2025,2025,CML RNW,High,-120.763904,49.14058498,2038.597534,CHIMUMB,0,shrub
02-3085_2025,02-3085,Manning Park Project 2025,2025,2025,CML RNW,High,-120.763904,49.14058498,2038.597534,CLINUNI,0,herb
02-3085_2025,02-3085,Manning Park Project 2025,2025,2025,CML RNW,High,-120.763904,49.14058498,2038.597534,CORNCAN,0,herb
02-3085_2025,02-3085,Manning Park Project 2025,2025,2025,CML RNW,High,-120.763904,49.14058498,2038.597534,GOODOBL,0,herb
02-3085_2025,02-3085,Manning Park Project 2025,2025,2025,CML RNW,High,-120.763904,49.14058498,2038.597534,LONIUTA,0,shrub
02-3085_2025,02-3085,Manning Park Project 2025,2025,2025,CML RNW,High,-120.763904,49.14058498,2038.597534,LUPIARC,1,herb
02-3085_2025,02-3085,Manning Park Project 2025,2025,2025,CML RNW,High,-120.763904,49.14058498,2038.597534,ORTHSEC,0,herb
02-3085_2025,02-3085,Manning Park Project 2025,2025,2025,CML RNW,High,-120.763904,49.14058498,2038.597534,PAXIMYR,0,shrub
02-3085_2025,02-3085,Manning Park Project 2025,2025,2025,CML RNW,High,-120.763904,49.14058498,2038.597534,PICEENG,1,tree
02-3085_2025,02-3085,Manning Park Project 2025,2025,2025,CML RNW,High,-120.763904,49.14058498,2038.597534,PINUCON,0,tree
02-3085_2025,02-3085,Manning Park Project 2025,2025,2025,CML RNW,High,-120.763904,49.14058498,2038.597534,PSEUMEN,0,tree
02-3085_2025,02-3085,Manning Park Project 2025,2025,2025,CML RNW,High,-120.763904,49.14058498,2038.597534,PYROASA,0,herb
02-3085_2025,02-3085,Manning Park Project 2025,2025,2025,CML RNW,High,-120.763904,49.14058498,2038.597534,RHODALB,0,shrub
02-3085_2025,02-3085,Manning Park Project 2025,2025,2025,CML RNW,High,-120.763904,49.14058498,2038.597534,RIBEACE,0,shrub
02-3085_2025,02-3085,Manning Park Project 2025,2025,2025,CML RNW,High,-120.763904,49.14058498,2038.597534,RIBELAC,0,shrub
02-3085_2025,02-3085,Manning Park Project 2025,2025,2025,CML RNW,High,-120.763904,49.14058498,2038.597534,RUBUPAR,0,shrub
02-3085_2025,02-3085,Manning Park Project 2025,2025,2025,CML RNW,High,-120.763904,49.14058498,2038.597534,RUBUPED,0,herb
02-3085_2025,02-3085,Manning Park Project 2025,2025,2025,CML RNW,High,-120.763904,49.14058498,2038.597534,SORBSCO,0,shrub
02-3085_2025,02-3085,Manning Park Project 2025,2025,2025,CML RNW,High,-120.763904,49.14058498,2038.597534,SORBSIT,0,shrub
02-3085_2025,02-3085,Manning Park Project 2025,2025,2025,CML RNW,High,-120.763904,49.14058498,2038.597534,SPIRLUC,0,shrub
02-3085_2025,02-3085,Manning Park Project 2025,2025,2025,CML RNW,High,-120.763904,49.14058498,2038.597534,TIARTRI,0,herb
02-3085_2025,02-3085,Manning Park Project 2025,2025,2025,CML RNW,High,-120.763904,49.14058498,2038.597534,TSUGHET,0,tree
02-3085_2025,02-3085,Manning Park Project 2025,2025,2025,CML RNW,High,-120.763904,49.14058498,2038.597534,VACCMEM,1,shrub
02-3085_2025,02-3085,Manning Park Project 2025,2025,2025,CML RNW,High,-120.763904,49.14058498,2038.597534,VACCSCO,1,shrub
02-3085_2025,02-3085,Manning Park Project 2025,2025,2025,CML RNW,High,-120.763904,49.14058498,2038.597534,VALESIT,0,herb
02-3085_Error,02-3085,Manning Park Project 2025,Error,2025,CML RNW,Med-High,-120.763681,49.140947,2042.98291,ABIEAMA,0,tree
02-3085_Error,02-3085,Manning Park Project 2025,Error,2025,CML RNW,Med-High,-120.763681,49.140947,2042.98291,ABIELAS,1,tree
02-3085_Error,02-3085,Manning Park Project 2025,Error,2025,CML RNW,Med-High,-120.763681,49.140947,2042.98291,AMELALN,0,shrub
02-3085_Error,02-3085,Manning Park Project 2025,Error,2025,CML RNW,Med-High,-120.763681,49.140947,2042.98291,ARNILAT,1,herb
02-3085_Error,02-3085,Manning Park Project 2025,Error,2025,CML RNW,Med-High,-120.763681,49.140947,2042.98291,CHAMANG,0,herb
02-3085_Error,02-3085,Manning Park Project 2025,Error,2025,CML RNW,Med-High,-120.763681,49.140947,2042.98291,CHIMUMB,0,shrub
02-3085_Error,02-3085,Manning Park Project 2025,Error,2025,CML RNW,Med-High,-120.763681,49.140947,2042.98291,CLINUNI,0,herb
02-3085_Error,02-3085,Manning Park Project 2025,Error,2025,CML RNW,Med-High,-120.763681,49.140947,2042.98291,CORNCAN,0,herb
02-3085_Error,02-3085,Manning Park Project 2025,Error,2025,CML RNW,Med-High,-120.763681,49.140947,2042.98291,GOODOBL,0,herb
02-3085_Error,02-3085,Manning Park Project 2025,Error,2025,CML RNW,Med-High,-120.763681,49.140947,2042.98291,LONIUTA,0,shrub
02-3085_Error,02-3085,Manning Park Project 2025,Error,2025,CML RNW,Med-High,-120.763681,49.140947,2042.98291,LUPIARC,1,herb
02-3085_Error,02-3085,Manning Park Project 2025,Error,2025,CML RNW,Med-High,-120.763681,49.140947,2042.98291,ORTHSEC,0,herb
02-3085_Error,02-3085,Manning Park Project 2025,Error,2025,CML RNW,Med-High,-120.763681,49.140947,2042.98291,PAXIMYR,0,shrub
02-3085_Error,02-3085,Manning Park Project 2025,Error,2025,CML RNW,Med-High,-120.763681,49.140947,2042.98291,PICEENG,1,tree
02-3085_Error,02-3085,Manning Park Project 2025,Error,2025,CML RNW,Med-High,-120.763681,49.140947,2042.98291,PINUCON,1,tree
02-3085_Error,02-3085,Manning Park Project 2025,Error,2025,CML RNW,Med-High,-120.763681,49.140947,2042.98291,PSEUMEN,0,tree
02-3085_Error,02-3085,Manning Park Project 2025,Error,2025,CML RNW,Med-High,-120.763681,49.140947,2042.98291,PYROASA,0,herb
02-3085_Error,02-3085,Manning Park Project 2025,Error,2025,CML RNW,Med-High,-120.763681,49.140947,2042.98291,RHODALB,0,shrub
02-3085_Error,02-3085,Manning Park Project 2025,Error,2025,CML RNW,Med-High,-120.763681,49.140947,2042.98291,RIBEACE,0,shrub
02-3085_Error,02-3085,Manning Park Project 2025,Error,2025,CML RNW,Med-High,-120.763681,49.140947,2042.98291,RIBELAC,0,shrub
02-3085_Error,02-3085,Manning Park Project 2025,Error,2025,CML RNW,Med-High,-120.763681,49.140947,2042.98291,RUBUPAR,0,shrub
02-3085_Error,02-3085,Manning Park Project 2025,Error,2025,CML RNW,Med-High,-120.763681,49.140947,2042.98291,RUBUPED,0,herb
02-3085_Error,02-3085,Manning Park Project 2025,Error,2025,CML RNW,Med-High,-120.763681,49.140947,2042.98291,SORBSCO,0,shrub
02-3085_Error,02-3085,Manning Park Project 2025,Error,2025,CML RNW,Med-High,-120.763681,49.140947,2042.98291,SORBSIT,0,shrub
02-3085_Error,02-3085,Manning Park Project 2025,Error,2025,CML RNW,Med-High,-120.763681,49.140947,2042.98291,SPIRLUC,0,shrub
02-3085_Error,02-3085,Manning Park Project 2025,Error,2025,CML RNW,Med-High,-120.763681,49.140947,2042.98291,TIARTRI,0,herb
02-3085_Error,02-3085,Manning Park Project 2025,Error,2025,CML RNW,Med-High,-120.763681,49.140947,2042.98291,TSUGHET,0,tree
02-3085_Error,02-3085,Manning Park Project 2025,Error,2025,CML RNW,Med-High,-120.763681,49.140947,2042.98291,VACCMEM,0,shrub
02-3085_Error,02-3085,Manning Park Project 2025,Error,2025,CML RNW,Med-High,-120.763681,49.140947,2042.98291,VACCSCO,1,shrub
02-3085_Error,02-3085,Manning Park Project 2025,Error,2025,CML RNW,Med-High,-120.763681,49.140947,2042.98291,VALESIT,1,herb
02-3089_2025,02-3089,Manning Park Project 2025,2025,2025,CML RNW,High,-120.756704,49.14995,2130.962158,ABIEAMA,0,tree
02-3089_2025,02-3089,Manning Park Project 2025,2025,2025,CML RNW,High,-120.756704,49.14995,2130.962158,ABIELAS,1,tree
02-3089_2025,02-3089,Manning Park Project 2025,2025,2025,CML RNW,High,-120.756704,49.14995,2130.962158,AMELALN,0,shrub
02-3089_2025,02-3089,Manning Park Project 2025,2025,2025,CML RNW,High,-120.756704,49.14995,2130.962158,ARNILAT,1,herb
02-3089_2025,02-3089,Manning Park Project 2025,2025,2025,CML RNW,High,-120.756704,49.14995,2130.962158,CHAMANG,0,herb
02-3089_2025,02-3089,Manning Park Project 2025,2025,2025,CML RNW,High,-120.756704,49.14995,2130.962158,CHIMUMB,0,shrub
02-3089_2025,02-3089,Manning Park Project 2025,2025,2025,CML RNW,High,-120.756704,49.14995,2130.962158,CLINUNI,0,herb
02-3089_2025,02-3089,Manning Park Project 2025,2025,2025,CML RNW,High,-120.756704,49.14995,2130.962158,CORNCAN,0,herb
02-3089_2025,02-3089,Manning Park Project 2025,2025,2025,CML RNW,High,-120.756704,49.14995,2130.962158,GOODOBL,0,herb
02-3089_2025,02-3089,Manning Park Project 2025,2025,2025,CML RNW,High,-120.756704,49.14995,2130.962158,LONIUTA,0,shrub
02-3089_2025,02-3089,Manning Park Project 2025,2025,2025,CML RNW,High,-120.756704,49.14995,2130.962158,LUPIARC,1,herb
02-3089_2025,02-3089,Manning Park Project 2025,2025,2025,CML RNW,High,-120.756704,49.14995,2130.962158,ORTHSEC,0,herb
02-3089_2025,02-3089,Manning Park Project 2025,2025,2025,CML RNW,High,-120.756704,49.14995,2130.962158,PAXIMYR,0,shrub
02-3089_2025,02-3089,Manning Park Project 2025,2025,2025,CML RNW,High,-120.756704,49.14995,2130.962158,PICEENG,0,tree
02-3089_2025,02-3089,Manning Park Project 2025,2025,2025,CML RNW,High,-120.756704,49.14995,2130.962158,PINUCON,0,tree
02-3089_2025,02-3089,Manning Park Project 2025,2025,2025,CML RNW,High,-120.756704,49.14995,2130.962158,PSEUMEN,0,tree
02-3089_2025,02-3089,Manning Park Project 2025,2025,2025,CML RNW,High,-120.756704,49.14995,2130.962158,PYROASA,0,herb
02-3089_2025,02-3089,Manning Park Project 2025,2025,2025,CML RNW,High,-120.756704,49.14995,2130.962158,RHODALB,0,shrub
02-3089_2025,02-3089,Manning Park Project 2025,2025,2025,CML RNW,High,-120.756704,49.14995,2130.962158,RIBEACE,0,shrub
02-3089_2025,02-3089,Manning Park Project 2025,2025,2025,CML RNW,High,-120.756704,49.14995,2130.962158,RIBELAC,0,shrub
02-3089_2025,02-3089,Manning Park Project 2025,2025,2025,CML RNW,High,-120.756704,49.14995,2130.962158,RUBUPAR,0,shrub
02-3089_2025,02-3089,Manning Park Project 2025,2025,2025,CML RNW,High,-120.756704,49.14995,2130.962158,RUBUPED,0,herb
02-3089_2025,02-3089,Manning Park Project 2025,2025,2025,CML RNW,High,-120.756704,49.14995,2130.962158,SORBSCO,0,shrub
02-3089_2025,02-3089,Manning Park Project 2025,2025,2025,CML RNW,High,-120.756704,49.14995,2130.962158,SORBSIT,0,shrub
02-3089_2025,02-3089,Manning Park Project 2025,2025,2025,CML RNW,High,-120.756704,49.14995,2130.962158,SPIRLUC,0,shrub
02-3089_2025,02-3089,Manning Park Project 2025,2025,2025,CML RNW,High,-120.756704,49.14995,2130.962158,TIARTRI,0,herb
02-3089_2025,02-3089,Manning Park Project 2025,2025,2025,CML RNW,High,-120.756704,49.14995,2130.962158,TSUGHET,0,tree
02-3089_2025,02-3089,Manning Park Project 2025,2025,2025,CML RNW,High,-120.756704,49.14995,2130.962158,VACCMEM,0,shrub
02-3089_2025,02-3089,Manning Park Project 2025,2025,2025,CML RNW,High,-120.756704,49.14995,2130.962158,VACCSCO,1,shrub
02-3089_2025,02-3089,Manning Park Project 2025,2025,2025,CML RNW,High,-120.756704,49.14995,2130.962158,VALESIT,0,herb
02-3089_Error,02-3089,Manning Park Project 2025,Error,2025,CML RNW,Med-low,-120.756567,49.14953803,2124.682373,ABIEAMA,0,tree
02-3089_Error,02-3089,Manning Park Project 2025,Error,2025,CML RNW,Med-low,-120.756567,49.14953803,2124.682373,ABIELAS,1,tree
02-3089_Error,02-3089,Manning Park Project 2025,Error,2025,CML RNW,Med-low,-120.756567,49.14953803,2124.682373,AMELALN,0,shrub
02-3089_Error,02-3089,Manning Park Project 2025,Error,2025,CML RNW,Med-low,-120.756567,49.14953803,2124.682373,ARNILAT,1,herb
02-3089_Error,02-3089,Manning Park Project 2025,Error,2025,CML RNW,Med-low,-120.756567,49.14953803,2124.682373,CHAMANG,0,herb
02-3089_Error,02-3089,Manning Park Project 2025,Error,2025,CML RNW,Med-low,-120.756567,49.14953803,2124.682373,CHIMUMB,0,shrub
02-3089_Error,02-3089,Manning Park Project 2025,Error,2025,CML RNW,Med-low,-120.756567,49.14953803,2124.682373,CLINUNI,0,herb
02-3089_Error,02-3089,Manning Park Project 2025,Error,2025,CML RNW,Med-low,-120.756567,49.14953803,2124.682373,CORNCAN,0,herb
02-3089_Error,02-3089,Manning Park Project 2025,Error,2025,CML RNW,Med-low,-120.756567,49.14953803,2124.682373,GOODOBL,0,herb
02-3089_Error,02-3089,Manning Park Project 2025,Error,2025,CML RNW,Med-low,-120.756567,49.14953803,2124.682373,LONIUTA,0,shrub
02-3089_Error,02-3089,Manning Park Project 2025,Error,2025,CML RNW,Med-low,-120.756567,49.14953803,2124.682373,LUPIARC,1,herb
02-3089_Error,02-3089,Manning Park Project 2025,Error,2025,CML RNW,Med-low,-120.756567,49.14953803,2124.682373,ORTHSEC,0,herb
02-3089_Error,02-3089,Manning Park Project 2025,Error,2025,CML RNW,Med-low,-120.756567,49.14953803,2124.682373,PAXIMYR,0,shrub
02-3089_Error,02-3089,Manning Park Project 2025,Error,2025,CML RNW,Med-low,-120.756567,49.14953803,2124.682373,PICEENG,0,tree
02-3089_Error,02-3089,Manning Park Project 2025,Error,2025,CML RNW,Med-low,-120.756567,49.14953803,2124.682373,PINUCON,0,tree
02-3089_Error,02-3089,Manning Park Project 2025,Error,2025,CML RNW,Med-low,-120.756567,49.14953803,2124.682373,PSEUMEN,0,tree
02-3089_Error,02-3089,Manning Park Project 2025,Error,2025,CML RNW,Med-low,-120.756567,49.14953803,2124.682373,PYROASA,0,herb
02-3089_Error,02-3089,Manning Park Project 2025,Error,2025,CML RNW,Med-low,-120.756567,49.14953803,2124.682373,RHODALB,0,shrub
02-3089_Error,02-3089,Manning Park Project 2025,Error,2025,CML RNW,Med-low,-120.756567,49.14953803,2124.682373,RIBEACE,0,shrub
02-3089_Error,02-3089,Manning Park Project 2025,Error,2025,CML RNW,Med-low,-120.756567,49.14953803,2124.682373,RIBELAC,0,shrub
02-3089_Error,02-3089,Manning Park Project 2025,Error,2025,CML RNW,Med-low,-120.756567,49.14953803,2124.682373,RUBUPAR,0,shrub
02-3089_Error,02-3089,Manning Park Project 2025,Error,2025,CML RNW,Med-low,-120.756567,49.14953803,2124.682373,RUBUPED,0,herb
02-3089_Error,02-3089,Manning Park Project 2025,Error,2025,CML RNW,Med-low,-120.756567,49.14953803,2124.682373,SORBSCO,0,shrub
02-3089_Error,02-3089,Manning Park Project 2025,Error,2025,CML RNW,Med-low,-120.756567,49.14953803,2124.682373,SORBSIT,0,shrub
02-3089_Error,02-3089,Manning Park Project 2025,Error,2025,CML RNW,Med-low,-120.756567,49.14953803,2124.682373,SPIRLUC,0,shrub
02-3089_Error,02-3089,Manning Park Project 2025,Error,2025,CML RNW,Med-low,-120.756567,49.14953803,2124.682373,TIARTRI,0,herb
02-3089_Error,02-3089,Manning Park Project 2025,Error,2025,CML RNW,Med-low,-120.756567,49.14953803,2124.682373,TSUGHET,0,tree
02-3089_Error,02-3089,Manning Park Project 2025,Error,2025,CML RNW,Med-low,-120.756567,49.14953803,2124.682373,VACCMEM,0,shrub
02-3089_Error,02-3089,Manning Park Project 2025,Error,2025,CML RNW,Med-low,-120.756567,49.14953803,2124.682373,VACCSCO,1,shrub
02-3089_Error,02-3089,Manning Park Project 2025,Error,2025,CML RNW,Med-low,-120.756567,49.14953803,2124.682373,VALESIT,0,herb
12-2000_2025,12-2000,Manning Park Project 2025,2025,2025,CML RNW,High,-120.763807,49.13547403,1956.121094,ABIEAMA,0,tree
12-2000_2025,12-2000,Manning Park Project 2025,2025,2025,CML RNW,High,-120.763807,49.13547403,1956.121094,ABIELAS,1,tree
12-2000_2025,12-2000,Manning Park Project 2025,2025,2025,CML RNW,High,-120.763807,49.13547403,1956.121094,AMELALN,0,shrub
12-2000_2025,12-2000,Manning Park Project 2025,2025,2025,CML RNW,High,-120.763807,49.13547403,1956.121094,ARNILAT,1,herb
12-2000_2025,12-2000,Manning Park Project 2025,2025,2025,CML RNW,High,-120.763807,49.13547403,1956.121094,CHAMANG,1,herb
12-2000_2025,12-2000,Manning Park Project 2025,2025,2025,CML RNW,High,-120.763807,49.13547403,1956.121094,CHIMUMB,0,shrub
12-2000_2025,12-2000,Manning Park Project 2025,2025,2025,CML RNW,High,-120.763807,49.13547403,1956.121094,CLINUNI,0,herb
12-2000_2025,12-2000,Manning Park Project 2025,2025,2025,CML RNW,High,-120.763807,49.13547403,1956.121094,CORNCAN,0,herb
12-2000_2025,12-2000,Manning Park Project 2025,2025,2025,CML RNW,High,-120.763807,49.13547403,1956.121094,GOODOBL,1,herb
12-2000_2025,12-2000,Manning Park Project 2025,2025,2025,CML RNW,High,-120.763807,49.13547403,1956.121094,LONIUTA,0,shrub
12-2000_2025,12-2000,Manning Park Project 2025,2025,2025,CML RNW,High,-120.763807,49.13547403,1956.121094,LUPIARC,1,herb
12-2000_2025,12-2000,Manning Park Project 2025,2025,2025,CML RNW,High,-120.763807,49.13547403,1956.121094,ORTHSEC,1,herb
12-2000_2025,12-2000,Manning Park Project 2025,2025,2025,CML RNW,High,-120.763807,49.13547403,1956.121094,PAXIMYR,0,shrub
12-2000_2025,12-2000,Manning Park Project 2025,2025,2025,CML RNW,High,-120.763807,49.13547403,1956.121094,PICEENG,1,tree
12-2000_2025,12-2000,Manning Park Project 2025,2025,2025,CML RNW,High,-120.763807,49.13547403,1956.121094,PINUCON,0,tree
12-2000_2025,12-2000,Manning Park Project 2025,2025,2025,CML RNW,High,-120.763807,49.13547403,1956.121094,PSEUMEN,0,tree
12-2000_2025,12-2000,Manning Park Project 2025,2025,2025,CML RNW,High,-120.763807,49.13547403,1956.121094,PYROASA,0,herb
12-2000_2025,12-2000,Manning Park Project 2025,2025,2025,CML RNW,High,-120.763807,49.13547403,1956.121094,RHODALB,0,shrub
12-2000_2025,12-2000,Manning Park Project 2025,2025,2025,CML RNW,High,-120.763807,49.13547403,1956.121094,RIBEACE,0,shrub
12-2000_2025,12-2000,Manning Park Project 2025,2025,2025,CML RNW,High,-120.763807,49.13547403,1956.121094,RIBELAC,0,shrub
12-2000_2025,12-2000,Manning Park Project 2025,2025,2025,CML RNW,High,-120.763807,49.13547403,1956.121094,RUBUPAR,0,shrub
12-2000_2025,12-2000,Manning Park Project 2025,2025,2025,CML RNW,High,-120.763807,49.13547403,1956.121094,RUBUPED,0,herb
12-2000_2025,12-2000,Manning Park Project 2025,2025,2025,CML RNW,High,-120.763807,49.13547403,1956.121094,SORBSCO,0,shrub
12-2000_2025,12-2000,Manning Park Project 2025,2025,2025,CML RNW,High,-120.763807,49.13547403,1956.121094,SORBSIT,0,shrub
12-2000_2025,12-2000,Manning Park Project 2025,2025,2025,CML RNW,High,-120.763807,49.13547403,1956.121094,SPIRLUC,0,shrub
12-2000_2025,12-2000,Manning Park Project 2025,2025,2025,CML RNW,High,-120.763807,49.13547403,1956.121094,TIARTRI,0,herb
12-2000_2025,12-2000,Manning Park Project 2025,2025,2025,CML RNW,High,-120.763807,49.13547403,1956.121094,TSUGHET,0,tree
12-2000_2025,12-2000,Manning Park Project 2025,2025,2025,CML RNW,High,-120.763807,49.13547403,1956.121094,VACCMEM,0,shrub
12-2000_2025,12-2000,Manning Park Project 2025,2025,2025,CML RNW,High,-120.763807,49.13547403,1956.121094,VACCSCO,1,shrub
12-2000_2025,12-2000,Manning Park Project 2025,2025,2025,CML RNW,High,-120.763807,49.13547403,1956.121094,VALESIT,1,herb
12-2000_Error,12-2000,Manning Park Project 2025,Error,2025,CML RNW,High,-120.762864,49.13545702,1953.594971,ABIEAMA,0,tree
12-2000_Error,12-2000,Manning Park Project 2025,Error,2025,CML RNW,High,-120.762864,49.13545702,1953.594971,ABIELAS,1,tree
12-2000_Error,12-2000,Manning Park Project 2025,Error,2025,CML RNW,High,-120.762864,49.13545702,1953.594971,AMELALN,0,shrub
12-2000_Error,12-2000,Manning Park Project 2025,Error,2025,CML RNW,High,-120.762864,49.13545702,1953.594971,ARNILAT,1,herb
12-2000_Error,12-2000,Manning Park Project 2025,Error,2025,CML RNW,High,-120.762864,49.13545702,1953.594971,CHAMANG,1,herb
12-2000_Error,12-2000,Manning Park Project 2025,Error,2025,CML RNW,High,-120.762864,49.13545702,1953.594971,CHIMUMB,0,shrub
12-2000_Error,12-2000,Manning Park Project 2025,Error,2025,CML RNW,High,-120.762864,49.13545702,1953.594971,CLINUNI,0,herb
12-2000_Error,12-2000,Manning Park Project 2025,Error,2025,CML RNW,High,-120.762864,49.13545702,1953.594971,CORNCAN,0,herb
12-2000_Error,12-2000,Manning Park Project 2025,Error,2025,CML RNW,High,-120.762864,49.13545702,1953.594971,GOODOBL,1,herb
12-2000_Error,12-2000,Manning Park Project 2025,Error,2025,CML RNW,High,-120.762864,49.13545702,1953.594971,LONIUTA,0,shrub
12-2000_Error,12-2000,Manning Park Project 2025,Error,2025,CML RNW,High,-120.762864,49.13545702,1953.594971,LUPIARC,1,herb
12-2000_Error,12-2000,Manning Park Project 2025,Error,2025,CML RNW,High,-120.762864,49.13545702,1953.594971,ORTHSEC,1,herb
12-2000_Error,12-2000,Manning Park Project 2025,Error,2025,CML RNW,High,-120.762864,49.13545702,1953.594971,PAXIMYR,1,shrub
12-2000_Error,12-2000,Manning Park Project 2025,Error,2025,CML RNW,High,-120.762864,49.13545702,1953.594971,PICEENG,1,tree
12-2000_Error,12-2000,Manning Park Project 2025,Error,2025,CML RNW,High,-120.762864,49.13545702,1953.594971,PINUCON,1,tree
12-2000_Error,12-2000,Manning Park Project 2025,Error,2025,CML RNW,High,-120.762864,49.13545702,1953.594971,PSEUMEN,0,tree
12-2000_Error,12-2000,Manning Park Project 2025,Error,2025,CML RNW,High,-120.762864,49.13545702,1953.594971,PYROASA,0,herb
12-2000_Error,12-2000,Manning Park Project 2025,Error,2025,CML RNW,High,-120.762864,49.13545702,1953.594971,RHODALB,0,shrub
12-2000_Error,12-2000,Manning Park Project 2025,Error,2025,CML RNW,High,-120.762864,49.13545702,1953.594971,RIBEACE,0,shrub
12-2000_Error,12-2000,Manning Park Project 2025,Error,2025,CML RNW,High,-120.762864,49.13545702,1953.594971,RIBELAC,0,shrub
12-2000_Error,12-2000,Manning Park Project 2025,Error,2025,CML RNW,High,-120.762864,49.13545702,1953.594971,RUBUPAR,0,shrub
12-2000_Error,12-2000,Manning Park Project 2025,Error,2025,CML RNW,High,-120.762864,49.13545702,1953.594971,RUBUPED,0,herb
12-2000_Error,12-2000,Manning Park Project 2025,Error,2025,CML RNW,High,-120.762864,49.13545702,1953.594971,SORBSCO,0,shrub
12-2000_Error,12-2000,Manning Park Project 2025,Error,2025,CML RNW,High,-120.762864,49.13545702,1953.594971,SORBSIT,0,shrub
12-2000_Error,12-2000,Manning Park Project 2025,Error,2025,CML RNW,High,-120.762864,49.13545702,1953.594971,SPIRLUC,0,shrub
12-2000_Error,12-2000,Manning Park Project 2025,Error,2025,CML RNW,High,-120.762864,49.13545702,1953.594971,TIARTRI,0,herb
12-2000_Error,12-2000,Manning Park Project 2025,Error,2025,CML RNW,High,-120.762864,49.13545702,1953.594971,TSUGHET,0,tree
12-2000_Error,12-2000,Manning Park Project 2025,Error,2025,CML RNW,High,-120.762864,49.13545702,1953.594971,VACCMEM,1,shrub
12-2000_Error,12-2000,Manning Park Project 2025,Error,2025,CML RNW,High,-120.762864,49.13545702,1953.594971,VACCSCO,1,shrub
12-2000_Error,12-2000,Manning Park Project 2025,Error,2025,CML RNW,High,-120.762864,49.13545702,1953.594971,VALESIT,1,herb
14-4316_2025,14-4316,Manning Park Project 2025,2025,2025,CML RNW,High,-120.764678,49.03959,1546.151611,ABIEAMA,1,tree
14-4316_2025,14-4316,Manning Park Project 2025,2025,2025,CML RNW,High,-120.764678,49.03959,1546.151611,ABIELAS,1,tree
14-4316_2025,14-4316,Manning Park Project 2025,2025,2025,CML RNW,High,-120.764678,49.03959,1546.151611,AMELALN,0,shrub
14-4316_2025,14-4316,Manning Park Project 2025,2025,2025,CML RNW,High,-120.764678,49.03959,1546.151611,ARNILAT,1,herb
14-4316_2025,14-4316,Manning Park Project 2025,2025,2025,CML RNW,High,-120.764678,49.03959,1546.151611,CHAMANG,1,herb
14-4316_2025,14-4316,Manning Park Project 2025,2025,2025,CML RNW,High,-120.764678,49.03959,1546.151611,CHIMUMB,0,shrub
14-4316_2025,14-4316,Manning Park Project 2025,2025,2025,CML RNW,High,-120.764678,49.03959,1546.151611,CLINUNI,1,herb
14-4316_2025,14-4316,Manning Park Project 2025,2025,2025,CML RNW,High,-120.764678,49.03959,1546.151611,CORNCAN,0,herb
14-4316_2025,14-4316,Manning Park Project 2025,2025,2025,CML RNW,High,-120.764678,49.03959,1546.151611,GOODOBL,1,herb
14-4316_2025,14-4316,Manning Park Project 2025,2025,2025,CML RNW,High,-120.764678,49.03959,1546.151611,LONIUTA,1,shrub
14-4316_2025,14-4316,Manning Park Project 2025,2025,2025,CML RNW,High,-120.764678,49.03959,1546.151611,LUPIARC,0,herb
14-4316_2025,14-4316,Manning Park Project 2025,2025,2025,CML RNW,High,-120.764678,49.03959,1546.151611,ORTHSEC,1,herb
14-4316_2025,14-4316,Manning Park Project 2025,2025,2025,CML RNW,High,-120.764678,49.03959,1546.151611,PAXIMYR,1,shrub
14-4316_2025,14-4316,Manning Park Project 2025,2025,2025,CML RNW,High,-120.764678,49.03959,1546.151611,PICEENG,1,tree
14-4316_2025,14-4316,Manning Park Project 2025,2025,2025,CML RNW,High,-120.764678,49.03959,1546.151611,PINUCON,0,tree
14-4316_2025,14-4316,Manning Park Project 2025,2025,2025,CML RNW,High,-120.764678,49.03959,1546.151611,PSEUMEN,0,tree
14-4316_2025,14-4316,Manning Park Project 2025,2025,2025,CML RNW,High,-120.764678,49.03959,1546.151611,PYROASA,1,herb
14-4316_2025,14-4316,Manning Park Project 2025,2025,2025,CML RNW,High,-120.764678,49.03959,1546.151611,RHODALB,1,shrub
14-4316_2025,14-4316,Manning Park Project 2025,2025,2025,CML RNW,High,-120.764678,49.03959,1546.151611,RIBEACE,0,shrub
14-4316_2025,14-4316,Manning Park Project 2025,2025,2025,CML RNW,High,-120.764678,49.03959,1546.151611,RIBELAC,1,shrub
14-4316_2025,14-4316,Manning Park Project 2025,2025,2025,CML RNW,High,-120.764678,49.03959,1546.151611,RUBUPAR,1,shrub
14-4316_2025,14-4316,Manning Park Project 2025,2025,2025,CML RNW,High,-120.764678,49.03959,1546.151611,RUBUPED,1,herb
14-4316_2025,14-4316,Manning Park Project 2025,2025,2025,CML RNW,High,-120.764678,49.03959,1546.151611,SORBSCO,1,shrub
14-4316_2025,14-4316,Manning Park Project 2025,2025,2025,CML RNW,High,-120.764678,49.03959,1546.151611,SORBSIT,1,shrub
14-4316_2025,14-4316,Manning Park Project 2025,2025,2025,CML RNW,High,-120.764678,49.03959,1546.151611,SPIRLUC,0,shrub
14-4316_2025,14-4316,Manning Park Project 2025,2025,2025,CML RNW,High,-120.764678,49.03959,1546.151611,TIARTRI,1,herb
14-4316_2025,14-4316,Manning Park Project 2025,2025,2025,CML RNW,High,-120.764678,49.03959,1546.151611,TSUGHET,0,tree
14-4316_2025,14-4316,Manning Park Project 2025,2025,2025,CML RNW,High,-120.764678,49.03959,1546.151611,VACCMEM,1,shrub
14-4316_2025,14-4316,Manning Park Project 2025,2025,2025,CML RNW,High,-120.764678,49.03959,1546.151611,VACCSCO,1,shrub
14-4316_2025,14-4316,Manning Park Project 2025,2025,2025,CML RNW,High,-120.764678,49.03959,1546.151611,VALESIT,1,herb
14-4316_Error,14-4316,Manning Park Project 2025,Error,2025,CML RNW,Med-High,-120.765186,49.04008403,1557.805664,ABIEAMA,1,tree
14-4316_Error,14-4316,Manning Park Project 2025,Error,2025,CML RNW,Med-High,-120.765186,49.04008403,1557.805664,ABIELAS,1,tree
14-4316_Error,14-4316,Manning Park Project 2025,Error,2025,CML RNW,Med-High,-120.765186,49.04008403,1557.805664,AMELALN,0,shrub
14-4316_Error,14-4316,Manning Park Project 2025,Error,2025,CML RNW,Med-High,-120.765186,49.04008403,1557.805664,ARNILAT,1,herb
14-4316_Error,14-4316,Manning Park Project 2025,Error,2025,CML RNW,Med-High,-120.765186,49.04008403,1557.805664,CHAMANG,1,herb
14-4316_Error,14-4316,Manning Park Project 2025,Error,2025,CML RNW,Med-High,-120.765186,49.04008403,1557.805664,CHIMUMB,0,shrub
14-4316_Error,14-4316,Manning Park Project 2025,Error,2025,CML RNW,Med-High,-120.765186,49.04008403,1557.805664,CLINUNI,1,herb
14-4316_Error,14-4316,Manning Park Project 2025,Error,2025,CML RNW,Med-High,-120.765186,49.04008403,1557.805664,CORNCAN,0,herb
14-4316_Error,14-4316,Manning Park Project 2025,Error,2025,CML RNW,Med-High,-120.765186,49.04008403,1557.805664,GOODOBL,0,herb
14-4316_Error,14-4316,Manning Park Project 2025,Error,2025,CML RNW,Med-High,-120.765186,49.04008403,1557.805664,LONIUTA,1,shrub
14-4316_Error,14-4316,Manning Park Project 2025,Error,2025,CML RNW,Med-High,-120.765186,49.04008403,1557.805664,LUPIARC,0,herb
14-4316_Error,14-4316,Manning Park Project 2025,Error,2025,CML RNW,Med-High,-120.765186,49.04008403,1557.805664,ORTHSEC,1,herb
14-4316_Error,14-4316,Manning Park Project 2025,Error,2025,CML RNW,Med-High,-120.765186,49.04008403,1557.805664,PAXIMYR,1,shrub
14-4316_Error,14-4316,Manning Park Project 2025,Error,2025,CML RNW,Med-High,-120.765186,49.04008403,1557.805664,PICEENG,1,tree
14-4316_Error,14-4316,Manning Park Project 2025,Error,2025,CML RNW,Med-High,-120.765186,49.04008403,1557.805664,PINUCON,0,tree
14-4316_Error,14-4316,Manning Park Project 2025,Error,2025,CML RNW,Med-High,-120.765186,49.04008403,1557.805664,PSEUMEN,0,tree
14-4316_Error,14-4316,Manning Park Project 2025,Error,2025,CML RNW,Med-High,-120.765186,49.04008403,1557.805664,PYROASA,1,herb
14-4316_Error,14-4316,Manning Park Project 2025,Error,2025,CML RNW,Med-High,-120.765186,49.04008403,1557.805664,RHODALB,1,shrub
14-4316_Error,14-4316,Manning Park Project 2025,Error,2025,CML RNW,Med-High,-120.765186,49.04008403,1557.805664,RIBEACE,0,shrub
14-4316_Error,14-4316,Manning Park Project 2025,Error,2025,CML RNW,Med-High,-120.765186,49.04008403,1557.805664,RIBELAC,1,shrub
14-4316_Error,14-4316,Manning Park Project 2025,Error,2025,CML RNW,Med-High,-120.765186,49.04008403,1557.805664,RUBUPAR,1,shrub
14-4316_Error,14-4316,Manning Park Project 2025,Error,2025,CML RNW,Med-High,-120.765186,49.04008403,1557.805664,RUBUPED,1,herb
14-4316_Error,14-4316,Manning Park Project 2025,Error,2025,CML RNW,Med-High,-120.765186,49.04008403,1557.805664,SORBSCO,1,shrub
14-4316_Error,14-4316,Manning Park Project 2025,Error,2025,CML RNW,Med-High,-120.765186,49.04008403,1557.805664,SORBSIT,1,shrub
14-4316_Error,14-4316,Manning Park Project 2025,Error,2025,CML RNW,Med-High,-120.765186,49.04008403,1557.805664,SPIRLUC,0,shrub
14-4316_Error,14-4316,Manning Park Project 2025,Error,2025,CML RNW,Med-High,-120.765186,49.04008403,1557.805664,TIARTRI,1,herb
14-4316_Error,14-4316,Manning Park Project 2025,Error,2025,CML RNW,Med-High,-120.765186,49.04008403,1557.805664,TSUGHET,0,tree
14-4316_Error,14-4316,Manning Park Project 2025,Error,2025,CML RNW,Med-High,-120.765186,49.04008403,1557.805664,VACCMEM,1,shrub
14-4316_Error,14-4316,Manning Park Project 2025,Error,2025,CML RNW,Med-High,-120.765186,49.04008403,1557.805664,VACCSCO,1,shrub
14-4316_Error,14-4316,Manning Park Project 2025,Error,2025,CML RNW,Med-High,-120.765186,49.04008403,1557.805664,VALESIT,1,herb
14-4317_2025,14-4317,Manning Park Project 2025,2025,2025,CML RNW,High,-120.764637,49.04947403,1554.978394,ABIEAMA,1,tree
14-4317_2025,14-4317,Manning Park Project 2025,2025,2025,CML RNW,High,-120.764637,49.04947403,1554.978394,ABIELAS,1,tree
14-4317_2025,14-4317,Manning Park Project 2025,2025,2025,CML RNW,High,-120.764637,49.04947403,1554.978394,AMELALN,1,shrub
14-4317_2025,14-4317,Manning Park Project 2025,2025,2025,CML RNW,High,-120.764637,49.04947403,1554.978394,ARNILAT,1,herb
14-4317_2025,14-4317,Manning Park Project 2025,2025,2025,CML RNW,High,-120.764637,49.04947403,1554.978394,CHAMANG,1,herb
14-4317_2025,14-4317,Manning Park Project 2025,2025,2025,CML RNW,High,-120.764637,49.04947403,1554.978394,CHIMUMB,1,shrub
14-4317_2025,14-4317,Manning Park Project 2025,2025,2025,CML RNW,High,-120.764637,49.04947403,1554.978394,CLINUNI,0,herb
14-4317_2025,14-4317,Manning Park Project 2025,2025,2025,CML RNW,High,-120.764637,49.04947403,1554.978394,CORNCAN,0,herb
14-4317_2025,14-4317,Manning Park Project 2025,2025,2025,CML RNW,High,-120.764637,49.04947403,1554.978394,GOODOBL,1,herb
14-4317_2025,14-4317,Manning Park Project 2025,2025,2025,CML RNW,High,-120.764637,49.04947403,1554.978394,LONIUTA,1,shrub
14-4317_2025,14-4317,Manning Park Project 2025,2025,2025,CML RNW,High,-120.764637,49.04947403,1554.978394,LUPIARC,1,herb
14-4317_2025,14-4317,Manning Park Project 2025,2025,2025,CML RNW,High,-120.764637,49.04947403,1554.978394,ORTHSEC,1,herb
14-4317_2025,14-4317,Manning Park Project 2025,2025,2025,CML RNW,High,-120.764637,49.04947403,1554.978394,PAXIMYR,1,shrub
14-4317_2025,14-4317,Manning Park Project 2025,2025,2025,CML RNW,High,-120.764637,49.04947403,1554.978394,PICEENG,1,tree
14-4317_2025,14-4317,Manning Park Project 2025,2025,2025,CML RNW,High,-120.764637,49.04947403,1554.978394,PINUCON,0,tree
14-4317_2025,14-4317,Manning Park Project 2025,2025,2025,CML RNW,High,-120.764637,49.04947403,1554.978394,PSEUMEN,1,tree
14-4317_2025,14-4317,Manning Park Project 2025,2025,2025,CML RNW,High,-120.764637,49.04947403,1554.978394,PYROASA,0,herb
14-4317_2025,14-4317,Manning Park Project 2025,2025,2025,CML RNW,High,-120.764637,49.04947403,1554.978394,RHODALB,1,shrub
14-4317_2025,14-4317,Manning Park Project 2025,2025,2025,CML RNW,High,-120.764637,49.04947403,1554.978394,RIBEACE,0,shrub
14-4317_2025,14-4317,Manning Park Project 2025,2025,2025,CML RNW,High,-120.764637,49.04947403,1554.978394,RIBELAC,0,shrub
14-4317_2025,14-4317,Manning Park Project 2025,2025,2025,CML RNW,High,-120.764637,49.04947403,1554.978394,RUBUPAR,0,shrub
14-4317_2025,14-4317,Manning Park Project 2025,2025,2025,CML RNW,High,-120.764637,49.04947403,1554.978394,RUBUPED,0,herb
14-4317_2025,14-4317,Manning Park Project 2025,2025,2025,CML RNW,High,-120.764637,49.04947403,1554.978394,SORBSCO,1,shrub
14-4317_2025,14-4317,Manning Park Project 2025,2025,2025,CML RNW,High,-120.764637,49.04947403,1554.978394,SORBSIT,0,shrub
14-4317_2025,14-4317,Manning Park Project 2025,2025,2025,CML RNW,High,-120.764637,49.04947403,1554.978394,SPIRLUC,1,shrub
14-4317_2025,14-4317,Manning Park Project 2025,2025,2025,CML RNW,High,-120.764637,49.04947403,1554.978394,TIARTRI,0,herb
14-4317_2025,14-4317,Manning Park Project 2025,2025,2025,CML RNW,High,-120.764637,49.04947403,1554.978394,TSUGHET,1,tree
14-4317_2025,14-4317,Manning Park Project 2025,2025,2025,CML RNW,High,-120.764637,49.04947403,1554.978394,VACCMEM,1,shrub
14-4317_2025,14-4317,Manning Park Project 2025,2025,2025,CML RNW,High,-120.764637,49.04947403,1554.978394,VACCSCO,1,shrub
14-4317_2025,14-4317,Manning Park Project 2025,2025,2025,CML RNW,High,-120.764637,49.04947403,1554.978394,VALESIT,1,herb
14-4317_Error,14-4317,Manning Park Project 2025,Error,2025,CML RNW,Med-High,-120.764562,49.05003796,1551.628784,ABIEAMA,0,tree
14-4317_Error,14-4317,Manning Park Project 2025,Error,2025,CML RNW,Med-High,-120.764562,49.05003796,1551.628784,ABIELAS,1,tree
14-4317_Error,14-4317,Manning Park Project 2025,Error,2025,CML RNW,Med-High,-120.764562,49.05003796,1551.628784,AMELALN,1,shrub
14-4317_Error,14-4317,Manning Park Project 2025,Error,2025,CML RNW,Med-High,-120.764562,49.05003796,1551.628784,ARNILAT,1,herb
14-4317_Error,14-4317,Manning Park Project 2025,Error,2025,CML RNW,Med-High,-120.764562,49.05003796,1551.628784,CHAMANG,1,herb
14-4317_Error,14-4317,Manning Park Project 2025,Error,2025,CML RNW,Med-High,-120.764562,49.05003796,1551.628784,CHIMUMB,1,shrub
14-4317_Error,14-4317,Manning Park Project 2025,Error,2025,CML RNW,Med-High,-120.764562,49.05003796,1551.628784,CLINUNI,0,herb
14-4317_Error,14-4317,Manning Park Project 2025,Error,2025,CML RNW,Med-High,-120.764562,49.05003796,1551.628784,CORNCAN,0,herb
14-4317_Error,14-4317,Manning Park Project 2025,Error,2025,CML RNW,Med-High,-120.764562,49.05003796,1551.628784,GOODOBL,1,herb
14-4317_Error,14-4317,Manning Park Project 2025,Error,2025,CML RNW,Med-High,-120.764562,49.05003796,1551.628784,LONIUTA,1,shrub
14-4317_Error,14-4317,Manning Park Project 2025,Error,2025,CML RNW,Med-High,-120.764562,49.05003796,1551.628784,LUPIARC,1,herb
14-4317_Error,14-4317,Manning Park Project 2025,Error,2025,CML RNW,Med-High,-120.764562,49.05003796,1551.628784,ORTHSEC,1,herb
14-4317_Error,14-4317,Manning Park Project 2025,Error,2025,CML RNW,Med-High,-120.764562,49.05003796,1551.628784,PAXIMYR,1,shrub
14-4317_Error,14-4317,Manning Park Project 2025,Error,2025,CML RNW,Med-High,-120.764562,49.05003796,1551.628784,PICEENG,1,tree
14-4317_Error,14-4317,Manning Park Project 2025,Error,2025,CML RNW,Med-High,-120.764562,49.05003796,1551.628784,PINUCON,1,tree
14-4317_Error,14-4317,Manning Park Project 2025,Error,2025,CML RNW,Med-High,-120.764562,49.05003796,1551.628784,PSEUMEN,1,tree
14-4317_Error,14-4317,Manning Park Project 2025,Error,2025,CML RNW,Med-High,-120.764562,49.05003796,1551.628784,PYROASA,0,herb
14-4317_Error,14-4317,Manning Park Project 2025,Error,2025,CML RNW,Med-High,-120.764562,49.05003796,1551.628784,RHODALB,1,shrub
14-4317_Error,14-4317,Manning Park Project 2025,Error,2025,CML RNW,Med-High,-120.764562,49.05003796,1551.628784,RIBEACE,0,shrub
14-4317_Error,14-4317,Manning Park Project 2025,Error,2025,CML RNW,Med-High,-120.764562,49.05003796,1551.628784,RIBELAC,0,shrub
14-4317_Error,14-4317,Manning Park Project 2025,Error,2025,CML RNW,Med-High,-120.764562,49.05003796,1551.628784,RUBUPAR,0,shrub
14-4317_Error,14-4317,Manning Park Project 2025,Error,2025,CML RNW,Med-High,-120.764562,49.05003796,1551.628784,RUBUPED,0,herb
14-4317_Error,14-4317,Manning Park Project 2025,Error,2025,CML RNW,Med-High,-120.764562,49.05003796,1551.628784,SORBSCO,1,shrub
14-4317_Error,14-4317,Manning Park Project 2025,Error,2025,CML RNW,Med-High,-120.764562,49.05003796,1551.628784,SORBSIT,0,shrub
14-4317_Error,14-4317,Manning Park Project 2025,Error,2025,CML RNW,Med-High,-120.764562,49.05003796,1551.628784,SPIRLUC,1,shrub
14-4317_Error,14-4317,Manning Park Project 2025,Error,2025,CML RNW,Med-High,-120.764562,49.05003796,1551.628784,TIARTRI,0,herb
14-4317_Error,14-4317,Manning Park Project 2025,Error,2025,CML RNW,Med-High,-120.764562,49.05003796,1551.628784,TSUGHET,0,tree
14-4317_Error,14-4317,Manning Park Project 2025,Error,2025,CML RNW,Med-High,-120.764562,49.05003796,1551.628784,VACCMEM,1,shrub
14-4317_Error,14-4317,Manning Park Project 2025,Error,2025,CML RNW,Med-High,-120.764562,49.05003796,1551.628784,VACCSCO,1,shrub
14-4317_Error,14-4317,Manning Park Project 2025,Error,2025,CML RNW,Med-High,-120.764562,49.05003796,1551.628784,VALESIT,0,herb
14-4320_2025,14-4320,Manning Park Project 2025,2025,2025,CML RNW,High,-120.771043,49.07690699,1819.606201,ABIEAMA,0,tree
14-4320_2025,14-4320,Manning Park Project 2025,2025,2025,CML RNW,High,-120.771043,49.07690699,1819.606201,ABIELAS,0,tree
14-4320_2025,14-4320,Manning Park Project 2025,2025,2025,CML RNW,High,-120.771043,49.07690699,1819.606201,AMELALN,0,shrub
14-4320_2025,14-4320,Manning Park Project 2025,2025,2025,CML RNW,High,-120.771043,49.07690699,1819.606201,ARNILAT,0,herb
14-4320_2025,14-4320,Manning Park Project 2025,2025,2025,CML RNW,High,-120.771043,49.07690699,1819.606201,CHAMANG,0,herb
14-4320_2025,14-4320,Manning Park Project 2025,2025,2025,CML RNW,High,-120.771043,49.07690699,1819.606201,CHIMUMB,0,shrub
14-4320_2025,14-4320,Manning Park Project 2025,2025,2025,CML RNW,High,-120.771043,49.07690699,1819.606201,CLINUNI,0,herb
14-4320_2025,14-4320,Manning Park Project 2025,2025,2025,CML RNW,High,-120.771043,49.07690699,1819.606201,CORNCAN,0,herb
14-4320_2025,14-4320,Manning Park Project 2025,2025,2025,CML RNW,High,-120.771043,49.07690699,1819.606201,GOODOBL,0,herb
14-4320_2025,14-4320,Manning Park Project 2025,2025,2025,CML RNW,High,-120.771043,49.07690699,1819.606201,LONIUTA,0,shrub
14-4320_2025,14-4320,Manning Park Project 2025,2025,2025,CML RNW,High,-120.771043,49.07690699,1819.606201,LUPIARC,0,herb
14-4320_2025,14-4320,Manning Park Project 2025,2025,2025,CML RNW,High,-120.771043,49.07690699,1819.606201,ORTHSEC,0,herb
14-4320_2025,14-4320,Manning Park Project 2025,2025,2025,CML RNW,High,-120.771043,49.07690699,1819.606201,PAXIMYR,1,shrub
14-4320_2025,14-4320,Manning Park Project 2025,2025,2025,CML RNW,High,-120.771043,49.07690699,1819.606201,PICEENG,0,tree
14-4320_2025,14-4320,Manning Park Project 2025,2025,2025,CML RNW,High,-120.771043,49.07690699,1819.606201,PINUCON,0,tree
14-4320_2025,14-4320,Manning Park Project 2025,2025,2025,CML RNW,High,-120.771043,49.07690699,1819.606201,PSEUMEN,0,tree
14-4320_2025,14-4320,Manning Park Project 2025,2025,2025,CML RNW,High,-120.771043,49.07690699,1819.606201,PYROASA,0,herb
14-4320_2025,14-4320,Manning Park Project 2025,2025,2025,CML RNW,High,-120.771043,49.07690699,1819.606201,RHODALB,0,shrub
14-4320_2025,14-4320,Manning Park Project 2025,2025,2025,CML RNW,High,-120.771043,49.07690699,1819.606201,RIBEACE,0,shrub
14-4320_2025,14-4320,Manning Park Project 2025,2025,2025,CML RNW,High,-120.771043,49.07690699,1819.606201,RIBELAC,0,shrub
14-4320_2025,14-4320,Manning Park Project 2025,2025,2025,CML RNW,High,-120.771043,49.07690699,1819.606201,RUBUPAR,0,shrub
14-4320_2025,14-4320,Manning Park Project 2025,2025,2025,CML RNW,High,-120.771043,49.07690699,1819.606201,RUBUPED,0,herb
14-4320_2025,14-4320,Manning Park Project 2025,2025,2025,CML RNW,High,-120.771043,49.07690699,1819.606201,SORBSCO,0,shrub
14-4320_2025,14-4320,Manning Park Project 2025,2025,2025,CML RNW,High,-120.771043,49.07690699,1819.606201,SORBSIT,0,shrub
14-4320_2025,14-4320,Manning Park Project 2025,2025,2025,CML RNW,High,-120.771043,49.07690699,1819.606201,SPIRLUC,1,shrub
14-4320_2025,14-4320,Manning Park Project 2025,2025,2025,CML RNW,High,-120.771043,49.07690699,1819.606201,TIARTRI,0,herb
14-4320_2025,14-4320,Manning Park Project 2025,2025,2025,CML RNW,High,-120.771043,49.07690699,1819.606201,TSUGHET,0,tree
14-4320_2025,14-4320,Manning Park Project 2025,2025,2025,CML RNW,High,-120.771043,49.07690699,1819.606201,VACCMEM,0,shrub
14-4320_2025,14-4320,Manning Park Project 2025,2025,2025,CML RNW,High,-120.771043,49.07690699,1819.606201,VACCSCO,0,shrub
14-4320_2025,14-4320,Manning Park Project 2025,2025,2025,CML RNW,High,-120.771043,49.07690699,1819.606201,VALESIT,0,herb
14-4320_Error,14-4320,Manning Park Project 2025,Error,2025,CML RNW,High,-120.77039,49.07645999,1804.173218,ABIEAMA,0,tree
14-4320_Error,14-4320,Manning Park Project 2025,Error,2025,CML RNW,High,-120.77039,49.07645999,1804.173218,ABIELAS,0,tree
14-4320_Error,14-4320,Manning Park Project 2025,Error,2025,CML RNW,High,-120.77039,49.07645999,1804.173218,AMELALN,1,shrub
14-4320_Error,14-4320,Manning Park Project 2025,Error,2025,CML RNW,High,-120.77039,49.07645999,1804.173218,ARNILAT,0,herb
14-4320_Error,14-4320,Manning Park Project 2025,Error,2025,CML RNW,High,-120.77039,49.07645999,1804.173218,CHAMANG,0,herb
14-4320_Error,14-4320,Manning Park Project 2025,Error,2025,CML RNW,High,-120.77039,49.07645999,1804.173218,CHIMUMB,0,shrub
14-4320_Error,14-4320,Manning Park Project 2025,Error,2025,CML RNW,High,-120.77039,49.07645999,1804.173218,CLINUNI,0,herb
14-4320_Error,14-4320,Manning Park Project 2025,Error,2025,CML RNW,High,-120.77039,49.07645999,1804.173218,CORNCAN,0,herb
14-4320_Error,14-4320,Manning Park Project 2025,Error,2025,CML RNW,High,-120.77039,49.07645999,1804.173218,GOODOBL,0,herb
14-4320_Error,14-4320,Manning Park Project 2025,Error,2025,CML RNW,High,-120.77039,49.07645999,1804.173218,LONIUTA,0,shrub
14-4320_Error,14-4320,Manning Park Project 2025,Error,2025,CML RNW,High,-120.77039,49.07645999,1804.173218,LUPIARC,0,herb
14-4320_Error,14-4320,Manning Park Project 2025,Error,2025,CML RNW,High,-120.77039,49.07645999,1804.173218,ORTHSEC,0,herb
14-4320_Error,14-4320,Manning Park Project 2025,Error,2025,CML RNW,High,-120.77039,49.07645999,1804.173218,PAXIMYR,0,shrub
14-4320_Error,14-4320,Manning Park Project 2025,Error,2025,CML RNW,High,-120.77039,49.07645999,1804.173218,PICEENG,0,tree
14-4320_Error,14-4320,Manning Park Project 2025,Error,2025,CML RNW,High,-120.77039,49.07645999,1804.173218,PINUCON,0,tree
14-4320_Error,14-4320,Manning Park Project 2025,Error,2025,CML RNW,High,-120.77039,49.07645999,1804.173218,PSEUMEN,0,tree
14-4320_Error,14-4320,Manning Park Project 2025,Error,2025,CML RNW,High,-120.77039,49.07645999,1804.173218,PYROASA,0,herb
14-4320_Error,14-4320,Manning Park Project 2025,Error,2025,CML RNW,High,-120.77039,49.07645999,1804.173218,RHODALB,0,shrub
14-4320_Error,14-4320,Manning Park Project 2025,Error,2025,CML RNW,High,-120.77039,49.07645999,1804.173218,RIBEACE,0,shrub
14-4320_Error,14-4320,Manning Park Project 2025,Error,2025,CML RNW,High,-120.77039,49.07645999,1804.173218,RIBELAC,0,shrub
14-4320_Error,14-4320,Manning Park Project 2025,Error,2025,CML RNW,High,-120.77039,49.07645999,1804.173218,RUBUPAR,0,shrub
14-4320_Error,14-4320,Manning Park Project 2025,Error,2025,CML RNW,High,-120.77039,49.07645999,1804.173218,RUBUPED,0,herb
14-4320_Error,14-4320,Manning Park Project 2025,Error,2025,CML RNW,High,-120.77039,49.07645999,1804.173218,SORBSCO,0,shrub
14-4320_Error,14-4320,Manning Park Project 2025,Error,2025,CML RNW,High,-120.77039,49.07645999,1804.173218,SORBSIT,0,shrub
14-4320_Error,14-4320,Manning Park Project 2025,Error,2025,CML RNW,High,-120.77039,49.07645999,1804.173218,SPIRLUC,1,shrub
14-4320_Error,14-4320,Manning Park Project 2025,Error,2025,CML RNW,High,-120.77039,49.07645999,1804.173218,TIARTRI,0,herb
14-4320_Error,14-4320,Manning Park Project 2025,Error,2025,CML RNW,High,-120.77039,49.07645999,1804.173218,TSUGHET,0,tree
14-4320_Error,14-4320,Manning Park Project 2025,Error,2025,CML RNW,High,-120.77039,49.07645999,1804.173218,VACCMEM,0,shrub
14-4320_Error,14-4320,Manning Park Project 2025,Error,2025,CML RNW,High,-120.77039,49.07645999,1804.173218,VACCSCO,0,shrub
14-4320_Error,14-4320,Manning Park Project 2025,Error,2025,CML RNW,High,-120.77039,49.07645999,1804.173218,VALESIT,0,herb
14-4386_2025,14-4386,Manning Park Project 2025,2025,2025,CML RNW,Med-High,-120.759847,49.10004004,1994.03418,ABIEAMA,0,tree
14-4386_2025,14-4386,Manning Park Project 2025,2025,2025,CML RNW,Med-High,-120.759847,49.10004004,1994.03418,ABIELAS,1,tree
14-4386_2025,14-4386,Manning Park Project 2025,2025,2025,CML RNW,Med-High,-120.759847,49.10004004,1994.03418,AMELALN,0,shrub
14-4386_2025,14-4386,Manning Park Project 2025,2025,2025,CML RNW,Med-High,-120.759847,49.10004004,1994.03418,ARNILAT,1,herb
14-4386_2025,14-4386,Manning Park Project 2025,2025,2025,CML RNW,Med-High,-120.759847,49.10004004,1994.03418,CHAMANG,0,herb
14-4386_2025,14-4386,Manning Park Project 2025,2025,2025,CML RNW,Med-High,-120.759847,49.10004004,1994.03418,CHIMUMB,0,shrub
14-4386_2025,14-4386,Manning Park Project 2025,2025,2025,CML RNW,Med-High,-120.759847,49.10004004,1994.03418,CLINUNI,0,herb
14-4386_2025,14-4386,Manning Park Project 2025,2025,2025,CML RNW,Med-High,-120.759847,49.10004004,1994.03418,CORNCAN,0,herb
14-4386_2025,14-4386,Manning Park Project 2025,2025,2025,CML RNW,Med-High,-120.759847,49.10004004,1994.03418,GOODOBL,0,herb
14-4386_2025,14-4386,Manning Park Project 2025,2025,2025,CML RNW,Med-High,-120.759847,49.10004004,1994.03418,LONIUTA,0,shrub
14-4386_2025,14-4386,Manning Park Project 2025,2025,2025,CML RNW,Med-High,-120.759847,49.10004004,1994.03418,LUPIARC,0,herb
14-4386_2025,14-4386,Manning Park Project 2025,2025,2025,CML RNW,Med-High,-120.759847,49.10004004,1994.03418,ORTHSEC,0,herb
14-4386_2025,14-4386,Manning Park Project 2025,2025,2025,CML RNW,Med-High,-120.759847,49.10004004,1994.03418,PAXIMYR,0,shrub
14-4386_2025,14-4386,Manning Park Project 2025,2025,2025,CML RNW,Med-High,-120.759847,49.10004004,1994.03418,PICEENG,0,tree
14-4386_2025,14-4386,Manning Park Project 2025,2025,2025,CML RNW,Med-High,-120.759847,49.10004004,1994.03418,PINUCON,0,tree
14-4386_2025,14-4386,Manning Park Project 2025,2025,2025,CML RNW,Med-High,-120.759847,49.10004004,1994.03418,PSEUMEN,0,tree
14-4386_2025,14-4386,Manning Park Project 2025,2025,2025,CML RNW,Med-High,-120.759847,49.10004004,1994.03418,PYROASA,0,herb
14-4386_2025,14-4386,Manning Park Project 2025,2025,2025,CML RNW,Med-High,-120.759847,49.10004004,1994.03418,RHODALB,0,shrub
14-4386_2025,14-4386,Manning Park Project 2025,2025,2025,CML RNW,Med-High,-120.759847,49.10004004,1994.03418,RIBEACE,0,shrub
14-4386_2025,14-4386,Manning Park Project 2025,2025,2025,CML RNW,Med-High,-120.759847,49.10004004,1994.03418,RIBELAC,0,shrub
14-4386_2025,14-4386,Manning Park Project 2025,2025,2025,CML RNW,Med-High,-120.759847,49.10004004,1994.03418,RUBUPAR,0,shrub
14-4386_2025,14-4386,Manning Park Project 2025,2025,2025,CML RNW,Med-High,-120.759847,49.10004004,1994.03418,RUBUPED,0,herb
14-4386_2025,14-4386,Manning Park Project 2025,2025,2025,CML RNW,Med-High,-120.759847,49.10004004,1994.03418,SORBSCO,0,shrub
14-4386_2025,14-4386,Manning Park Project 2025,2025,2025,CML RNW,Med-High,-120.759847,49.10004004,1994.03418,SORBSIT,0,shrub
14-4386_2025,14-4386,Manning Park Project 2025,2025,2025,CML RNW,Med-High,-120.759847,49.10004004,1994.03418,SPIRLUC,0,shrub
14-4386_2025,14-4386,Manning Park Project 2025,2025,2025,CML RNW,Med-High,-120.759847,49.10004004,1994.03418,TIARTRI,0,herb
14-4386_2025,14-4386,Manning Park Project 2025,2025,2025,CML RNW,Med-High,-120.759847,49.10004004,1994.03418,TSUGHET,0,tree
14-4386_2025,14-4386,Manning Park Project 2025,2025,2025,CML RNW,Med-High,-120.759847,49.10004004,1994.03418,VACCMEM,0,shrub
14-4386_2025,14-4386,Manning Park Project 2025,2025,2025,CML RNW,Med-High,-120.759847,49.10004004,1994.03418,VACCSCO,1,shrub
14-4386_2025,14-4386,Manning Park Project 2025,2025,2025,CML RNW,Med-High,-120.759847,49.10004004,1994.03418,VALESIT,1,herb
14-4386_Error,14-4386,Manning Park Project 2025,Error,2025,CML RNW,Med-High,-120.758873,49.09998598,1994.090088,ABIEAMA,0,tree
14-4386_Error,14-4386,Manning Park Project 2025,Error,2025,CML RNW,Med-High,-120.758873,49.09998598,1994.090088,ABIELAS,1,tree
14-4386_Error,14-4386,Manning Park Project 2025,Error,2025,CML RNW,Med-High,-120.758873,49.09998598,1994.090088,AMELALN,0,shrub
14-4386_Error,14-4386,Manning Park Project 2025,Error,2025,CML RNW,Med-High,-120.758873,49.09998598,1994.090088,ARNILAT,1,herb
14-4386_Error,14-4386,Manning Park Project 2025,Error,2025,CML RNW,Med-High,-120.758873,49.09998598,1994.090088,CHAMANG,0,herb
14-4386_Error,14-4386,Manning Park Project 2025,Error,2025,CML RNW,Med-High,-120.758873,49.09998598,1994.090088,CHIMUMB,0,shrub
14-4386_Error,14-4386,Manning Park Project 2025,Error,2025,CML RNW,Med-High,-120.758873,49.09998598,1994.090088,CLINUNI,0,herb
14-4386_Error,14-4386,Manning Park Project 2025,Error,2025,CML RNW,Med-High,-120.758873,49.09998598,1994.090088,CORNCAN,0,herb
14-4386_Error,14-4386,Manning Park Project 2025,Error,2025,CML RNW,Med-High,-120.758873,49.09998598,1994.090088,GOODOBL,0,herb
14-4386_Error,14-4386,Manning Park Project 2025,Error,2025,CML RNW,Med-High,-120.758873,49.09998598,1994.090088,LONIUTA,0,shrub
14-4386_Error,14-4386,Manning Park Project 2025,Error,2025,CML RNW,Med-High,-120.758873,49.09998598,1994.090088,LUPIARC,1,herb
14-4386_Error,14-4386,Manning Park Project 2025,Error,2025,CML RNW,Med-High,-120.758873,49.09998598,1994.090088,ORTHSEC,0,herb
14-4386_Error,14-4386,Manning Park Project 2025,Error,2025,CML RNW,Med-High,-120.758873,49.09998598,1994.090088,PAXIMYR,0,shrub
14-4386_Error,14-4386,Manning Park Project 2025,Error,2025,CML RNW,Med-High,-120.758873,49.09998598,1994.090088,PICEENG,0,tree
14-4386_Error,14-4386,Manning Park Project 2025,Error,2025,CML RNW,Med-High,-120.758873,49.09998598,1994.090088,PINUCON,0,tree
14-4386_Error,14-4386,Manning Park Project 2025,Error,2025,CML RNW,Med-High,-120.758873,49.09998598,1994.090088,PSEUMEN,0,tree
14-4386_Error,14-4386,Manning Park Project 2025,Error,2025,CML RNW,Med-High,-120.758873,49.09998598,1994.090088,PYROASA,0,herb
14-4386_Error,14-4386,Manning Park Project 2025,Error,2025,CML RNW,Med-High,-120.758873,49.09998598,1994.090088,RHODALB,0,shrub
14-4386_Error,14-4386,Manning Park Project 2025,Error,2025,CML RNW,Med-High,-120.758873,49.09998598,1994.090088,RIBEACE,0,shrub
14-4386_Error,14-4386,Manning Park Project 2025,Error,2025,CML RNW,Med-High,-120.758873,49.09998598,1994.090088,RIBELAC,0,shrub
14-4386_Error,14-4386,Manning Park Project 2025,Error,2025,CML RNW,Med-High,-120.758873,49.09998598,1994.090088,RUBUPAR,0,shrub
14-4386_Error,14-4386,Manning Park Project 2025,Error,2025,CML RNW,Med-High,-120.758873,49.09998598,1994.090088,RUBUPED,0,herb
14-4386_Error,14-4386,Manning Park Project 2025,Error,2025,CML RNW,Med-High,-120.758873,49.09998598,1994.090088,SORBSCO,0,shrub
14-4386_Error,14-4386,Manning Park Project 2025,Error,2025,CML RNW,Med-High,-120.758873,49.09998598,1994.090088,SORBSIT,0,shrub
14-4386_Error,14-4386,Manning Park Project 2025,Error,2025,CML RNW,Med-High,-120.758873,49.09998598,1994.090088,SPIRLUC,0,shrub
14-4386_Error,14-4386,Manning Park Project 2025,Error,2025,CML RNW,Med-High,-120.758873,49.09998598,1994.090088,TIARTRI,0,herb
14-4386_Error,14-4386,Manning Park Project 2025,Error,2025,CML RNW,Med-High,-120.758873,49.09998598,1994.090088,TSUGHET,0,tree
14-4386_Error,14-4386,Manning Park Project 2025,Error,2025,CML RNW,Med-High,-120.758873,49.09998598,1994.090088,VACCMEM,0,shrub
14-4386_Error,14-4386,Manning Park Project 2025,Error,2025,CML RNW,Med-High,-120.758873,49.09998598,1994.090088,VACCSCO,1,shrub
14-4386_Error,14-4386,Manning Park Project 2025,Error,2025,CML RNW,Med-High,-120.758873,49.09998598,1994.090088,VALESIT,1,herb
14-4387_2025,14-4387,Manning Park Project 2025,2025,2025,CML RNW,High,-120.773455,49.09144901,1950.674438,ABIEAMA,0,tree
14-4387_2025,14-4387,Manning Park Project 2025,2025,2025,CML RNW,High,-120.773455,49.09144901,1950.674438,ABIELAS,1,tree
14-4387_2025,14-4387,Manning Park Project 2025,2025,2025,CML RNW,High,-120.773455,49.09144901,1950.674438,AMELALN,0,shrub
14-4387_2025,14-4387,Manning Park Project 2025,2025,2025,CML RNW,High,-120.773455,49.09144901,1950.674438,ARNILAT,1,herb
14-4387_2025,14-4387,Manning Park Project 2025,2025,2025,CML RNW,High,-120.773455,49.09144901,1950.674438,CHAMANG,1,herb
14-4387_2025,14-4387,Manning Park Project 2025,2025,2025,CML RNW,High,-120.773455,49.09144901,1950.674438,CHIMUMB,0,shrub
14-4387_2025,14-4387,Manning Park Project 2025,2025,2025,CML RNW,High,-120.773455,49.09144901,1950.674438,CLINUNI,0,herb
14-4387_2025,14-4387,Manning Park Project 2025,2025,2025,CML RNW,High,-120.773455,49.09144901,1950.674438,CORNCAN,0,herb
14-4387_2025,14-4387,Manning Park Project 2025,2025,2025,CML RNW,High,-120.773455,49.09144901,1950.674438,GOODOBL,0,herb
14-4387_2025,14-4387,Manning Park Project 2025,2025,2025,CML RNW,High,-120.773455,49.09144901,1950.674438,LONIUTA,0,shrub
14-4387_2025,14-4387,Manning Park Project 2025,2025,2025,CML RNW,High,-120.773455,49.09144901,1950.674438,LUPIARC,1,herb
14-4387_2025,14-4387,Manning Park Project 2025,2025,2025,CML RNW,High,-120.773455,49.09144901,1950.674438,ORTHSEC,0,herb
14-4387_2025,14-4387,Manning Park Project 2025,2025,2025,CML RNW,High,-120.773455,49.09144901,1950.674438,PAXIMYR,1,shrub
14-4387_2025,14-4387,Manning Park Project 2025,2025,2025,CML RNW,High,-120.773455,49.09144901,1950.674438,PICEENG,1,tree
14-4387_2025,14-4387,Manning Park Project 2025,2025,2025,CML RNW,High,-120.773455,49.09144901,1950.674438,PINUCON,0,tree
14-4387_2025,14-4387,Manning Park Project 2025,2025,2025,CML RNW,High,-120.773455,49.09144901,1950.674438,PSEUMEN,0,tree
14-4387_2025,14-4387,Manning Park Project 2025,2025,2025,CML RNW,High,-120.773455,49.09144901,1950.674438,PYROASA,0,herb
14-4387_2025,14-4387,Manning Park Project 2025,2025,2025,CML RNW,High,-120.773455,49.09144901,1950.674438,RHODALB,0,shrub
14-4387_2025,14-4387,Manning Park Project 2025,2025,2025,CML RNW,High,-120.773455,49.09144901,1950.674438,RIBEACE,0,shrub
14-4387_2025,14-4387,Manning Park Project 2025,2025,2025,CML RNW,High,-120.773455,49.09144901,1950.674438,RIBELAC,0,shrub
14-4387_2025,14-4387,Manning Park Project 2025,2025,2025,CML RNW,High,-120.773455,49.09144901,1950.674438,RUBUPAR,0,shrub
14-4387_2025,14-4387,Manning Park Project 2025,2025,2025,CML RNW,High,-120.773455,49.09144901,1950.674438,RUBUPED,0,herb
14-4387_2025,14-4387,Manning Park Project 2025,2025,2025,CML RNW,High,-120.773455,49.09144901,1950.674438,SORBSCO,0,shrub
14-4387_2025,14-4387,Manning Park Project 2025,2025,2025,CML RNW,High,-120.773455,49.09144901,1950.674438,SORBSIT,0,shrub
14-4387_2025,14-4387,Manning Park Project 2025,2025,2025,CML RNW,High,-120.773455,49.09144901,1950.674438,SPIRLUC,0,shrub
14-4387_2025,14-4387,Manning Park Project 2025,2025,2025,CML RNW,High,-120.773455,49.09144901,1950.674438,TIARTRI,0,herb
14-4387_2025,14-4387,Manning Park Project 2025,2025,2025,CML RNW,High,-120.773455,49.09144901,1950.674438,TSUGHET,0,tree
14-4387_2025,14-4387,Manning Park Project 2025,2025,2025,CML RNW,High,-120.773455,49.09144901,1950.674438,VACCMEM,0,shrub
14-4387_2025,14-4387,Manning Park Project 2025,2025,2025,CML RNW,High,-120.773455,49.09144901,1950.674438,VACCSCO,1,shrub
14-4387_2025,14-4387,Manning Park Project 2025,2025,2025,CML RNW,High,-120.773455,49.09144901,1950.674438,VALESIT,0,herb
14-4387_Error,14-4387,Manning Park Project 2025,Error,2025,CML RNW,High,-120.772849,49.09100703,1954.005493,ABIEAMA,0,tree
14-4387_Error,14-4387,Manning Park Project 2025,Error,2025,CML RNW,High,-120.772849,49.09100703,1954.005493,ABIELAS,1,tree
14-4387_Error,14-4387,Manning Park Project 2025,Error,2025,CML RNW,High,-120.772849,49.09100703,1954.005493,AMELALN,0,shrub
14-4387_Error,14-4387,Manning Park Project 2025,Error,2025,CML RNW,High,-120.772849,49.09100703,1954.005493,ARNILAT,1,herb
14-4387_Error,14-4387,Manning Park Project 2025,Error,2025,CML RNW,High,-120.772849,49.09100703,1954.005493,CHAMANG,1,herb
14-4387_Error,14-4387,Manning Park Project 2025,Error,2025,CML RNW,High,-120.772849,49.09100703,1954.005493,CHIMUMB,0,shrub
14-4387_Error,14-4387,Manning Park Project 2025,Error,2025,CML RNW,High,-120.772849,49.09100703,1954.005493,CLINUNI,0,herb
14-4387_Error,14-4387,Manning Park Project 2025,Error,2025,CML RNW,High,-120.772849,49.09100703,1954.005493,CORNCAN,0,herb
14-4387_Error,14-4387,Manning Park Project 2025,Error,2025,CML RNW,High,-120.772849,49.09100703,1954.005493,GOODOBL,0,herb
14-4387_Error,14-4387,Manning Park Project 2025,Error,2025,CML RNW,High,-120.772849,49.09100703,1954.005493,LONIUTA,0,shrub
14-4387_Error,14-4387,Manning Park Project 2025,Error,2025,CML RNW,High,-120.772849,49.09100703,1954.005493,LUPIARC,1,herb
14-4387_Error,14-4387,Manning Park Project 2025,Error,2025,CML RNW,High,-120.772849,49.09100703,1954.005493,ORTHSEC,1,herb
14-4387_Error,14-4387,Manning Park Project 2025,Error,2025,CML RNW,High,-120.772849,49.09100703,1954.005493,PAXIMYR,1,shrub
14-4387_Error,14-4387,Manning Park Project 2025,Error,2025,CML RNW,High,-120.772849,49.09100703,1954.005493,PICEENG,1,tree
14-4387_Error,14-4387,Manning Park Project 2025,Error,2025,CML RNW,High,-120.772849,49.09100703,1954.005493,PINUCON,0,tree
14-4387_Error,14-4387,Manning Park Project 2025,Error,2025,CML RNW,High,-120.772849,49.09100703,1954.005493,PSEUMEN,0,tree
14-4387_Error,14-4387,Manning Park Project 2025,Error,2025,CML RNW,High,-120.772849,49.09100703,1954.005493,PYROASA,0,herb
14-4387_Error,14-4387,Manning Park Project 2025,Error,2025,CML RNW,High,-120.772849,49.09100703,1954.005493,RHODALB,0,shrub
14-4387_Error,14-4387,Manning Park Project 2025,Error,2025,CML RNW,High,-120.772849,49.09100703,1954.005493,RIBEACE,0,shrub
14-4387_Error,14-4387,Manning Park Project 2025,Error,2025,CML RNW,High,-120.772849,49.09100703,1954.005493,RIBELAC,0,shrub
14-4387_Error,14-4387,Manning Park Project 2025,Error,2025,CML RNW,High,-120.772849,49.09100703,1954.005493,RUBUPAR,0,shrub
14-4387_Error,14-4387,Manning Park Project 2025,Error,2025,CML RNW,High,-120.772849,49.09100703,1954.005493,RUBUPED,0,herb
14-4387_Error,14-4387,Manning Park Project 2025,Error,2025,CML RNW,High,-120.772849,49.09100703,1954.005493,SORBSCO,1,shrub
14-4387_Error,14-4387,Manning Park Project 2025,Error,2025,CML RNW,High,-120.772849,49.09100703,1954.005493,SORBSIT,0,shrub
14-4387_Error,14-4387,Manning Park Project 2025,Error,2025,CML RNW,High,-120.772849,49.09100703,1954.005493,SPIRLUC,0,shrub
14-4387_Error,14-4387,Manning Park Project 2025,Error,2025,CML RNW,High,-120.772849,49.09100703,1954.005493,TIARTRI,0,herb
14-4387_Error,14-4387,Manning Park Project 2025,Error,2025,CML RNW,High,-120.772849,49.09100703,1954.005493,TSUGHET,0,tree
14-4387_Error,14-4387,Manning Park Project 2025,Error,2025,CML RNW,High,-120.772849,49.09100703,1954.005493,VACCMEM,0,shrub
14-4387_Error,14-4387,Manning Park Project 2025,Error,2025,CML RNW,High,-120.772849,49.09100703,1954.005493,VACCSCO,1,shrub
14-4387_Error,14-4387,Manning Park Project 2025,Error,2025,CML RNW,High,-120.772849,49.09100703,1954.005493,VALESIT,0,herb
14-4388_2025,14-4388,Manning Park Project 2025,2025,2025,CML RNW,High,-120.762014,49.068998,1617.820679,ABIEAMA,0,tree
14-4388_2025,14-4388,Manning Park Project 2025,2025,2025,CML RNW,High,-120.762014,49.068998,1617.820679,ABIELAS,0,tree
14-4388_2025,14-4388,Manning Park Project 2025,2025,2025,CML RNW,High,-120.762014,49.068998,1617.820679,AMELALN,1,shrub
14-4388_2025,14-4388,Manning Park Project 2025,2025,2025,CML RNW,High,-120.762014,49.068998,1617.820679,ARNILAT,0,herb
14-4388_2025,14-4388,Manning Park Project 2025,2025,2025,CML RNW,High,-120.762014,49.068998,1617.820679,CHAMANG,0,herb
14-4388_2025,14-4388,Manning Park Project 2025,2025,2025,CML RNW,High,-120.762014,49.068998,1617.820679,CHIMUMB,0,shrub
14-4388_2025,14-4388,Manning Park Project 2025,2025,2025,CML RNW,High,-120.762014,49.068998,1617.820679,CLINUNI,0,herb
14-4388_2025,14-4388,Manning Park Project 2025,2025,2025,CML RNW,High,-120.762014,49.068998,1617.820679,CORNCAN,0,herb
14-4388_2025,14-4388,Manning Park Project 2025,2025,2025,CML RNW,High,-120.762014,49.068998,1617.820679,GOODOBL,1,herb
14-4388_2025,14-4388,Manning Park Project 2025,2025,2025,CML RNW,High,-120.762014,49.068998,1617.820679,LONIUTA,1,shrub
14-4388_2025,14-4388,Manning Park Project 2025,2025,2025,CML RNW,High,-120.762014,49.068998,1617.820679,LUPIARC,0,herb
14-4388_2025,14-4388,Manning Park Project 2025,2025,2025,CML RNW,High,-120.762014,49.068998,1617.820679,ORTHSEC,0,herb
14-4388_2025,14-4388,Manning Park Project 2025,2025,2025,CML RNW,High,-120.762014,49.068998,1617.820679,PAXIMYR,1,shrub
14-4388_2025,14-4388,Manning Park Project 2025,2025,2025,CML RNW,High,-120.762014,49.068998,1617.820679,PICEENG,0,tree
14-4388_2025,14-4388,Manning Park Project 2025,2025,2025,CML RNW,High,-120.762014,49.068998,1617.820679,PINUCON,1,tree
14-4388_2025,14-4388,Manning Park Project 2025,2025,2025,CML RNW,High,-120.762014,49.068998,1617.820679,PSEUMEN,1,tree
14-4388_2025,14-4388,Manning Park Project 2025,2025,2025,CML RNW,High,-120.762014,49.068998,1617.820679,PYROASA,0,herb
14-4388_2025,14-4388,Manning Park Project 2025,2025,2025,CML RNW,High,-120.762014,49.068998,1617.820679,RHODALB,0,shrub
14-4388_2025,14-4388,Manning Park Project 2025,2025,2025,CML RNW,High,-120.762014,49.068998,1617.820679,RIBEACE,0,shrub
14-4388_2025,14-4388,Manning Park Project 2025,2025,2025,CML RNW,High,-120.762014,49.068998,1617.820679,RIBELAC,0,shrub
14-4388_2025,14-4388,Manning Park Project 2025,2025,2025,CML RNW,High,-120.762014,49.068998,1617.820679,RUBUPAR,0,shrub
14-4388_2025,14-4388,Manning Park Project 2025,2025,2025,CML RNW,High,-120.762014,49.068998,1617.820679,RUBUPED,0,herb
14-4388_2025,14-4388,Manning Park Project 2025,2025,2025,CML RNW,High,-120.762014,49.068998,1617.820679,SORBSCO,1,shrub
14-4388_2025,14-4388,Manning Park Project 2025,2025,2025,CML RNW,High,-120.762014,49.068998,1617.820679,SORBSIT,0,shrub
14-4388_2025,14-4388,Manning Park Project 2025,2025,2025,CML RNW,High,-120.762014,49.068998,1617.820679,SPIRLUC,1,shrub
14-4388_2025,14-4388,Manning Park Project 2025,2025,2025,CML RNW,High,-120.762014,49.068998,1617.820679,TIARTRI,0,herb
14-4388_2025,14-4388,Manning Park Project 2025,2025,2025,CML RNW,High,-120.762014,49.068998,1617.820679,TSUGHET,0,tree
14-4388_2025,14-4388,Manning Park Project 2025,2025,2025,CML RNW,High,-120.762014,49.068998,1617.820679,VACCMEM,0,shrub
14-4388_2025,14-4388,Manning Park Project 2025,2025,2025,CML RNW,High,-120.762014,49.068998,1617.820679,VACCSCO,0,shrub
14-4388_2025,14-4388,Manning Park Project 2025,2025,2025,CML RNW,High,-120.762014,49.068998,1617.820679,VALESIT,0,herb
14-4388_Error,14-4388,Manning Park Project 2025,Error,2025,CML RNW,High,-120.761574,49.06877998,1621.842163,ABIEAMA,0,tree
14-4388_Error,14-4388,Manning Park Project 2025,Error,2025,CML RNW,High,-120.761574,49.06877998,1621.842163,ABIELAS,1,tree
14-4388_Error,14-4388,Manning Park Project 2025,Error,2025,CML RNW,High,-120.761574,49.06877998,1621.842163,AMELALN,1,shrub
14-4388_Error,14-4388,Manning Park Project 2025,Error,2025,CML RNW,High,-120.761574,49.06877998,1621.842163,ARNILAT,0,herb
14-4388_Error,14-4388,Manning Park Project 2025,Error,2025,CML RNW,High,-120.761574,49.06877998,1621.842163,CHAMANG,1,herb
14-4388_Error,14-4388,Manning Park Project 2025,Error,2025,CML RNW,High,-120.761574,49.06877998,1621.842163,CHIMUMB,0,shrub
14-4388_Error,14-4388,Manning Park Project 2025,Error,2025,CML RNW,High,-120.761574,49.06877998,1621.842163,CLINUNI,0,herb
14-4388_Error,14-4388,Manning Park Project 2025,Error,2025,CML RNW,High,-120.761574,49.06877998,1621.842163,CORNCAN,0,herb
14-4388_Error,14-4388,Manning Park Project 2025,Error,2025,CML RNW,High,-120.761574,49.06877998,1621.842163,GOODOBL,1,herb
14-4388_Error,14-4388,Manning Park Project 2025,Error,2025,CML RNW,High,-120.761574,49.06877998,1621.842163,LONIUTA,1,shrub
14-4388_Error,14-4388,Manning Park Project 2025,Error,2025,CML RNW,High,-120.761574,49.06877998,1621.842163,LUPIARC,0,herb
14-4388_Error,14-4388,Manning Park Project 2025,Error,2025,CML RNW,High,-120.761574,49.06877998,1621.842163,ORTHSEC,0,herb
14-4388_Error,14-4388,Manning Park Project 2025,Error,2025,CML RNW,High,-120.761574,49.06877998,1621.842163,PAXIMYR,1,shrub
14-4388_Error,14-4388,Manning Park Project 2025,Error,2025,CML RNW,High,-120.761574,49.06877998,1621.842163,PICEENG,0,tree
14-4388_Error,14-4388,Manning Park Project 2025,Error,2025,CML RNW,High,-120.761574,49.06877998,1621.842163,PINUCON,0,tree
14-4388_Error,14-4388,Manning Park Project 2025,Error,2025,CML RNW,High,-120.761574,49.06877998,1621.842163,PSEUMEN,1,tree
14-4388_Error,14-4388,Manning Park Project 2025,Error,2025,CML RNW,High,-120.761574,49.06877998,1621.842163,PYROASA,0,herb
14-4388_Error,14-4388,Manning Park Project 2025,Error,2025,CML RNW,High,-120.761574,49.06877998,1621.842163,RHODALB,0,shrub
14-4388_Error,14-4388,Manning Park Project 2025,Error,2025,CML RNW,High,-120.761574,49.06877998,1621.842163,RIBEACE,0,shrub
14-4388_Error,14-4388,Manning Park Project 2025,Error,2025,CML RNW,High,-120.761574,49.06877998,1621.842163,RIBELAC,0,shrub
14-4388_Error,14-4388,Manning Park Project 2025,Error,2025,CML RNW,High,-120.761574,49.06877998,1621.842163,RUBUPAR,0,shrub
14-4388_Error,14-4388,Manning Park Project 2025,Error,2025,CML RNW,High,-120.761574,49.06877998,1621.842163,RUBUPED,0,herb
14-4388_Error,14-4388,Manning Park Project 2025,Error,2025,CML RNW,High,-120.761574,49.06877998,1621.842163,SORBSCO,1,shrub
14-4388_Error,14-4388,Manning Park Project 2025,Error,2025,CML RNW,High,-120.761574,49.06877998,1621.842163,SORBSIT,0,shrub
14-4388_Error,14-4388,Manning Park Project 2025,Error,2025,CML RNW,High,-120.761574,49.06877998,1621.842163,SPIRLUC,1,shrub
14-4388_Error,14-4388,Manning Park Project 2025,Error,2025,CML RNW,High,-120.761574,49.06877998,1621.842163,TIARTRI,0,herb
14-4388_Error,14-4388,Manning Park Project 2025,Error,2025,CML RNW,High,-120.761574,49.06877998,1621.842163,TSUGHET,0,tree
14-4388_Error,14-4388,Manning Park Project 2025,Error,2025,CML RNW,High,-120.761574,49.06877998,1621.842163,VACCMEM,1,shrub
14-4388_Error,14-4388,Manning Park Project 2025,Error,2025,CML RNW,High,-120.761574,49.06877998,1621.842163,VACCSCO,1,shrub
14-4388_Error,14-4388,Manning Park Project 2025,Error,2025,CML RNW,High,-120.761574,49.06877998,1621.842163,VALESIT,0,herb
