"","PlotNumber","Site","ProjectID","Year","SiteSurveyor","Latitude","Longitude","Elevation","RelocationConfidence","Species","Functional_group","Cover"
"1","02-3085_2025","02-3085","Manning Park Project 2025",2025,"CML RNW",49.14058498,-120.763904,2038.597534,"High","PICEENG","tree",5.5
"2","02-3085_2025","02-3085","Manning Park Project 2025",2025,"CML RNW",49.14058498,-120.763904,2038.597534,"High","PINUALB","tree",1
"3","02-3085_2025","02-3085","Manning Park Project 2025",2025,"CML RNW",49.14058498,-120.763904,2038.597534,"High","ABIELAS","tree",8.5
"4","02-3085_2025","02-3085","Manning Park Project 2025",2025,"CML RNW",49.14058498,-120.763904,2038.597534,"High","PHYLEMP","shrub",10.5
"5","02-3085_2025","02-3085","Manning Park Project 2025",2025,"CML RNW",49.14058498,-120.763904,2038.597534,"High","VACCSCO","shrub",10
"6","02-3085_2025","02-3085","Manning Park Project 2025",2025,"CML RNW",49.14058498,-120.763904,2038.597534,"High","VACCDEL","shrub",25
"7","02-3085_2025","02-3085","Manning Park Project 2025",2025,"CML RNW",49.14058498,-120.763904,2038.597534,"High","VACCCAE","shrub",0.1
"8","02-3085_2025","02-3085","Manning Park Project 2025",2025,"CML RNW",49.14058498,-120.763904,2038.597534,"High","VACCMEM","shrub",0
"9","02-3085_2025","02-3085","Manning Park Project 2025",2025,"CML RNW",49.14058498,-120.763904,2038.597534,"High","ANTELAN","herb",2.65
"10","02-3085_2025","02-3085","Manning Park Project 2025",2025,"CML RNW",49.14058498,-120.763904,2038.597534,"High","LUETPEC","shrub",8.5
"11","02-3085_2025","02-3085","Manning Park Project 2025",2025,"CML RNW",49.14058498,-120.763904,2038.597534,"High","HIERTRI","herb",0.8
"12","02-3085_2025","02-3085","Manning Park Project 2025",2025,"CML RNW",49.14058498,-120.763904,2038.597534,"High","EREMCAP","herb",1.15
"13","02-3085_2025","02-3085","Manning Park Project 2025",2025,"CML RNW",49.14058498,-120.763904,2038.597534,"High","LUPIARC","herb",5
"14","02-3085_2025","02-3085","Manning Park Project 2025",2025,"CML RNW",49.14058498,-120.763904,2038.597534,"High","ERIGGLA","herb",0
"15","02-3085_2025","02-3085","Manning Park Project 2025",2025,"CML RNW",49.14058498,-120.763904,2038.597534,"High","POTEFLA","herb",0.15
"16","02-3085_2025","02-3085","Manning Park Project 2025",2025,"CML RNW",49.14058498,-120.763904,2038.597534,"High","PHLODIF","herb",0.05
"17","02-3085_Error","02-3085","Manning Park Project 2025",2025,"CML RNW",49.140947,-120.763681,2042.98291,"Med-High","PICEENG","tree",7
"18","02-3085_Error","02-3085","Manning Park Project 2025",2025,"CML RNW",49.140947,-120.763681,2042.98291,"Med-High","ABIELAS","tree",9.5
"19","02-3085_Error","02-3085","Manning Park Project 2025",2025,"CML RNW",49.140947,-120.763681,2042.98291,"Med-High","PINUCON","tree",0.1
"20","02-3085_Error","02-3085","Manning Park Project 2025",2025,"CML RNW",49.140947,-120.763681,2042.98291,"Med-High","PHYLEMP","shrub",4
"21","02-3085_Error","02-3085","Manning Park Project 2025",2025,"CML RNW",49.140947,-120.763681,2042.98291,"Med-High","VACCSCO","shrub",31
"22","02-3085_Error","02-3085","Manning Park Project 2025",2025,"CML RNW",49.140947,-120.763681,2042.98291,"Med-High","VACCCAE","shrub",2.5
"23","02-3085_Error","02-3085","Manning Park Project 2025",2025,"CML RNW",49.140947,-120.763681,2042.98291,"Med-High","VACCDEL","shrub",0
"24","02-3085_Error","02-3085","Manning Park Project 2025",2025,"CML RNW",49.140947,-120.763681,2042.98291,"Med-High","LUETPEC","shrub",39.5
"25","02-3085_Error","02-3085","Manning Park Project 2025",2025,"CML RNW",49.140947,-120.763681,2042.98291,"Med-High","ANTELAN","herb",2.5
"26","02-3085_Error","02-3085","Manning Park Project 2025",2025,"CML RNW",49.140947,-120.763681,2042.98291,"Med-High","HIERTRI","herb",1
"27","02-3085_Error","02-3085","Manning Park Project 2025",2025,"CML RNW",49.140947,-120.763681,2042.98291,"Med-High","EREMCAP","herb",0.45
"28","02-3085_Error","02-3085","Manning Park Project 2025",2025,"CML RNW",49.140947,-120.763681,2042.98291,"Med-High","VALESIT","herb",0
"29","02-3085_Error","02-3085","Manning Park Project 2025",2025,"CML RNW",49.140947,-120.763681,2042.98291,"Med-High","ARNILAT","herb",0
"30","02-3085_Error","02-3085","Manning Park Project 2025",2025,"CML RNW",49.140947,-120.763681,2042.98291,"Med-High","LUPIARC","herb",1.5
"31","02-3085_Error","02-3085","Manning Park Project 2025",2025,"CML RNW",49.140947,-120.763681,2042.98291,"Med-High","POTEFLA","herb",0.15
"32","02-3085_Error","02-3085","Manning Park Project 2025",2025,"CML RNW",49.140947,-120.763681,2042.98291,"Med-High","ERIGGLA","herb",0.05
"33","02-3085_Error","02-3085","Manning Park Project 2025",2025,"CML RNW",49.140947,-120.763681,2042.98291,"Med-High","PEDIBRA","herb",0
"34","02-3089_2025","02-3089","Manning Park Project 2025",2025,"CML RNW",49.14995,-120.756704,2130.962158,"High","ABIELAS","tree",2
"35","02-3089_2025","02-3089","Manning Park Project 2025",2025,"CML RNW",49.14995,-120.756704,2130.962158,"High","PINUALB","tree",1
"36","02-3089_2025","02-3089","Manning Park Project 2025",2025,"CML RNW",49.14995,-120.756704,2130.962158,"High","VACCSCO","shrub",7.9
"37","02-3089_2025","02-3089","Manning Park Project 2025",2025,"CML RNW",49.14995,-120.756704,2130.962158,"High","CASSMER","shrub",23.5
"38","02-3089_2025","02-3089","Manning Park Project 2025",2025,"CML RNW",49.14995,-120.756704,2130.962158,"High","JUNICOM","shrub",0.2
"39","02-3089_2025","02-3089","Manning Park Project 2025",2025,"CML RNW",49.14995,-120.756704,2130.962158,"High","PHYLEMP","shrub",3
"40","02-3089_2025","02-3089","Manning Park Project 2025",2025,"CML RNW",49.14995,-120.756704,2130.962158,"High","VACCDEL","shrub",0.15
"41","02-3089_2025","02-3089","Manning Park Project 2025",2025,"CML RNW",49.14995,-120.756704,2130.962158,"High","LUETPEC","shrub",27
"42","02-3089_2025","02-3089","Manning Park Project 2025",2025,"CML RNW",49.14995,-120.756704,2130.962158,"High","ANTELAN","herb",14
"43","02-3089_2025","02-3089","Manning Park Project 2025",2025,"CML RNW",49.14995,-120.756704,2130.962158,"High","HIERTRI","herb",6.5
"44","02-3089_2025","02-3089","Manning Park Project 2025",2025,"CML RNW",49.14995,-120.756704,2130.962158,"High","EREMCAP","herb",0.5
"45","02-3089_2025","02-3089","Manning Park Project 2025",2025,"CML RNW",49.14995,-120.756704,2130.962158,"High","LUPIARC","herb",0.25
"46","02-3089_2025","02-3089","Manning Park Project 2025",2025,"CML RNW",49.14995,-120.756704,2130.962158,"High","ARNILAT","herb",1
"47","02-3089_2025","02-3089","Manning Park Project 2025",2025,"CML RNW",49.14995,-120.756704,2130.962158,"High","TONELYA","herb",0.05
"48","02-3089_2025","02-3089","Manning Park Project 2025",2025,"CML RNW",49.14995,-120.756704,2130.962158,"High","SILEPAR","herb",0
"49","02-3089_2025","02-3089","Manning Park Project 2025",2025,"CML RNW",49.14995,-120.756704,2130.962158,"High","PEDIBRA","herb",0.1
"50","02-3089_2025","02-3089","Manning Park Project 2025",2025,"CML RNW",49.14995,-120.756704,2130.962158,"High","ERIGAUR","herb",0.1
"51","02-3089_2025","02-3089","Manning Park Project 2025",2025,"CML RNW",49.14995,-120.756704,2130.962158,"High","VEROCUS","herb",1.4
"52","02-3089_2025","02-3089","Manning Park Project 2025",2025,"CML RNW",49.14995,-120.756704,2130.962158,"High","SAXIAUS","herb",0.1
"53","02-3089_2025","02-3089","Manning Park Project 2025",2025,"CML RNW",49.14995,-120.756704,2130.962158,"High","POTEGLU","herb",0.05
"54","02-3089_Error","02-3089","Manning Park Project 2025",2025,"CML RNW",49.14953803,-120.756567,2124.682373,"Med-low","PINUALB","tree",0.25
"55","02-3089_Error","02-3089","Manning Park Project 2025",2025,"CML RNW",49.14953803,-120.756567,2124.682373,"Med-low","ABIELAS","tree",0.25
"56","02-3089_Error","02-3089","Manning Park Project 2025",2025,"CML RNW",49.14953803,-120.756567,2124.682373,"Med-low","VACCSCO","shrub",20
"57","02-3089_Error","02-3089","Manning Park Project 2025",2025,"CML RNW",49.14953803,-120.756567,2124.682373,"Med-low","CASSMER","shrub",17.5
"58","02-3089_Error","02-3089","Manning Park Project 2025",2025,"CML RNW",49.14953803,-120.756567,2124.682373,"Med-low","PHYLEMP","shrub",1.5
"59","02-3089_Error","02-3089","Manning Park Project 2025",2025,"CML RNW",49.14953803,-120.756567,2124.682373,"Med-low","JUNICOM","shrub",0.5
"60","02-3089_Error","02-3089","Manning Park Project 2025",2025,"CML RNW",49.14953803,-120.756567,2124.682373,"Med-low","ANTELAN","herb",25.5
"61","02-3089_Error","02-3089","Manning Park Project 2025",2025,"CML RNW",49.14953803,-120.756567,2124.682373,"Med-low","HIERTRI","herb",2
"62","02-3089_Error","02-3089","Manning Park Project 2025",2025,"CML RNW",49.14953803,-120.756567,2124.682373,"Med-low","EREMCAP","herb",1.7
"63","02-3089_Error","02-3089","Manning Park Project 2025",2025,"CML RNW",49.14953803,-120.756567,2124.682373,"Med-low","CASTPAR","herb",0.2
"64","02-3089_Error","02-3089","Manning Park Project 2025",2025,"CML RNW",49.14953803,-120.756567,2124.682373,"Med-low","POTEFLA","herb",1.15
"65","02-3089_Error","02-3089","Manning Park Project 2025",2025,"CML RNW",49.14953803,-120.756567,2124.682373,"Med-low","VEROCUS","herb",1.15
"66","02-3089_Error","02-3089","Manning Park Project 2025",2025,"CML RNW",49.14953803,-120.756567,2124.682373,"Med-low","ARNIPAR","herb",0
"67","02-3089_Error","02-3089","Manning Park Project 2025",2025,"CML RNW",49.14953803,-120.756567,2124.682373,"Med-low","PEDIBRA","herb",0
"68","02-3089_Error","02-3089","Manning Park Project 2025",2025,"CML RNW",49.14953803,-120.756567,2124.682373,"Med-low","PENSPRO","herb",0.05
"69","02-3089_Error","02-3089","Manning Park Project 2025",2025,"CML RNW",49.14953803,-120.756567,2124.682373,"Med-low","LUPIARC","herb",0
"70","02-3089_Error","02-3089","Manning Park Project 2025",2025,"CML RNW",49.14953803,-120.756567,2124.682373,"Med-low","ERIGGLA","herb",0.15
"71","02-3089_Error","02-3089","Manning Park Project 2025",2025,"CML RNW",49.14953803,-120.756567,2124.682373,"Med-low","SILEPAR","herb",0.1
"72","02-3089_Error","02-3089","Manning Park Project 2025",2025,"CML RNW",49.14953803,-120.756567,2124.682373,"Med-low","POTEGLU","herb",0.05
"73","02-3089_Error","02-3089","Manning Park Project 2025",2025,"CML RNW",49.14953803,-120.756567,2124.682373,"Med-low","PHLODIF","herb",0.2
"74","02-3089_Error","02-3089","Manning Park Project 2025",2025,"CML RNW",49.14953803,-120.756567,2124.682373,"Med-low","ERIGAUR","herb",0.15
"75","02-3089_Error","02-3089","Manning Park Project 2025",2025,"CML RNW",49.14953803,-120.756567,2124.682373,"Med-low","LUETPEC","shrub",10
"76","02-3089_Error","02-3089","Manning Park Project 2025",2025,"CML RNW",49.14953803,-120.756567,2124.682373,"Med-low","ARNILAT","herb",0
"77","12-2000_2025","12-2000","Manning Park Project 2025",2025,"CML RNW",49.13547403,-120.763807,1956.121094,"High","ABIELAS","tree",9.5
"78","12-2000_2025","12-2000","Manning Park Project 2025",2025,"CML RNW",49.13547403,-120.763807,1956.121094,"High","PICEENG","tree",10.5
"79","12-2000_2025","12-2000","Manning Park Project 2025",2025,"CML RNW",49.13547403,-120.763807,1956.121094,"High","VACCSCO","shrub",0.35
"80","12-2000_2025","12-2000","Manning Park Project 2025",2025,"CML RNW",49.13547403,-120.763807,1956.121094,"High","VACCDEL","shrub",3.5
"81","12-2000_2025","12-2000","Manning Park Project 2025",2025,"CML RNW",49.13547403,-120.763807,1956.121094,"High","PHYLEMP","shrub",0.5
"82","12-2000_2025","12-2000","Manning Park Project 2025",2025,"CML RNW",49.13547403,-120.763807,1956.121094,"High","VERAVIR","herb",13
"83","12-2000_2025","12-2000","Manning Park Project 2025",2025,"CML RNW",49.13547403,-120.763807,1956.121094,"High","VALESIT","herb",26
"84","12-2000_2025","12-2000","Manning Park Project 2025",2025,"CML RNW",49.13547403,-120.763807,1956.121094,"High","ARNILAT","herb",5
"85","12-2000_2025","12-2000","Manning Park Project 2025",2025,"CML RNW",49.13547403,-120.763807,1956.121094,"High","PULSOCC","herb",4.5
"86","12-2000_2025","12-2000","Manning Park Project 2025",2025,"CML RNW",49.13547403,-120.763807,1956.121094,"High","ERIGGLA","herb",12.5
"87","12-2000_2025","12-2000","Manning Park Project 2025",2025,"CML RNW",49.13547403,-120.763807,1956.121094,"High","LUPIARC","herb",3
"88","12-2000_2025","12-2000","Manning Park Project 2025",2025,"CML RNW",49.13547403,-120.763807,1956.121094,"High","TROLALB","herb",4.5
"89","12-2000_2025","12-2000","Manning Park Project 2025",2025,"CML RNW",49.13547403,-120.763807,1956.121094,"High","ORTHSEC","herb",0
"90","12-2000_2025","12-2000","Manning Park Project 2025",2025,"CML RNW",49.13547403,-120.763807,1956.121094,"High","GOODOBL","herb",0
"91","12-2000_2025","12-2000","Manning Park Project 2025",2025,"CML RNW",49.13547403,-120.763807,1956.121094,"High","POTEFLA","herb",2.5
"92","12-2000_2025","12-2000","Manning Park Project 2025",2025,"CML RNW",49.13547403,-120.763807,1956.121094,"High","EPILGLA","herb",0.3
"93","12-2000_2025","12-2000","Manning Park Project 2025",2025,"CML RNW",49.13547403,-120.763807,1956.121094,"High","THALOCC","herb",3.5
"94","12-2000_2025","12-2000","Manning Park Project 2025",2025,"CML RNW",49.13547403,-120.763807,1956.121094,"High","SENETRI","herb",2.75
"95","12-2000_2025","12-2000","Manning Park Project 2025",2025,"CML RNW",49.13547403,-120.763807,1956.121094,"High","HERAMAX","herb",0
"96","12-2000_2025","12-2000","Manning Park Project 2025",2025,"CML RNW",49.13547403,-120.763807,1956.121094,"High","ANGEARG","herb",0.5
"97","12-2000_2025","12-2000","Manning Park Project 2025",2025,"CML RNW",49.13547403,-120.763807,1956.121094,"High","PEDIBRA","herb",0.45
"98","12-2000_2025","12-2000","Manning Park Project 2025",2025,"CML RNW",49.13547403,-120.763807,1956.121094,"High","PEDIBRA","herb",1.3
"99","12-2000_2025","12-2000","Manning Park Project 2025",2025,"CML RNW",49.13547403,-120.763807,1956.121094,"High","CHAMANG","herb",0.15
"100","12-2000_2025","12-2000","Manning Park Project 2025",2025,"CML RNW",49.13547403,-120.763807,1956.121094,"High","PARNFIM","herb",0.35
"101","12-2000_2025","12-2000","Manning Park Project 2025",2025,"CML RNW",49.13547403,-120.763807,1956.121094,"High","ARNICOR","herb",0
"102","12-2000_2025","12-2000","Manning Park Project 2025",2025,"CML RNW",49.13547403,-120.763807,1956.121094,"High","ARNIPAR","herb",0.15
"103","12-2000_2025","12-2000","Manning Park Project 2025",2025,"CML RNW",49.13547403,-120.763807,1956.121094,"High","ERYTGRA","herb",0.25
"104","12-2000_2025","12-2000","Manning Park Project 2025",2025,"CML RNW",49.13547403,-120.763807,1956.121094,"High","HIERALB","herb",0.05
"105","12-2000_Error","12-2000","Manning Park Project 2025",2025,"CML RNW",49.13545702,-120.762864,1953.594971,"High","PICEENG","tree",43.5
"106","12-2000_Error","12-2000","Manning Park Project 2025",2025,"CML RNW",49.13545702,-120.762864,1953.594971,"High","ABIELAS","tree",47.5
"107","12-2000_Error","12-2000","Manning Park Project 2025",2025,"CML RNW",49.13545702,-120.762864,1953.594971,"High","PINUCON","tree",1.5
"108","12-2000_Error","12-2000","Manning Park Project 2025",2025,"CML RNW",49.13545702,-120.762864,1953.594971,"High","VACCSCO","shrub",9.5
"109","12-2000_Error","12-2000","Manning Park Project 2025",2025,"CML RNW",49.13545702,-120.762864,1953.594971,"High","VACCDEL","shrub",2
"110","12-2000_Error","12-2000","Manning Park Project 2025",2025,"CML RNW",49.13545702,-120.762864,1953.594971,"High","PAXIMYR","shrub",0.5
"111","12-2000_Error","12-2000","Manning Park Project 2025",2025,"CML RNW",49.13545702,-120.762864,1953.594971,"High","PHYLEMP","shrub",0.1
"112","12-2000_Error","12-2000","Manning Park Project 2025",2025,"CML RNW",49.13545702,-120.762864,1953.594971,"High","VACCCAE","shrub",0.05
"113","12-2000_Error","12-2000","Manning Park Project 2025",2025,"CML RNW",49.13545702,-120.762864,1953.594971,"High","VACCMEM","shrub",0.15
"114","12-2000_Error","12-2000","Manning Park Project 2025",2025,"CML RNW",49.13545702,-120.762864,1953.594971,"High","VALESIT","herb",17.5
"115","12-2000_Error","12-2000","Manning Park Project 2025",2025,"CML RNW",49.13545702,-120.762864,1953.594971,"High","ARNILAT","herb",4.5
"116","12-2000_Error","12-2000","Manning Park Project 2025",2025,"CML RNW",49.13545702,-120.762864,1953.594971,"High","ERIGGLA","herb",2
"117","12-2000_Error","12-2000","Manning Park Project 2025",2025,"CML RNW",49.13545702,-120.762864,1953.594971,"High","VERAVIR","herb",1
"118","12-2000_Error","12-2000","Manning Park Project 2025",2025,"CML RNW",49.13545702,-120.762864,1953.594971,"High","ERYTGRA","herb",0.6
"119","12-2000_Error","12-2000","Manning Park Project 2025",2025,"CML RNW",49.13545702,-120.762864,1953.594971,"High","ARNIPAR","herb",2
"120","12-2000_Error","12-2000","Manning Park Project 2025",2025,"CML RNW",49.13545702,-120.762864,1953.594971,"High","THALOCC","herb",4
"121","12-2000_Error","12-2000","Manning Park Project 2025",2025,"CML RNW",49.13545702,-120.762864,1953.594971,"High","LILICOL","herb",0.1
"122","12-2000_Error","12-2000","Manning Park Project 2025",2025,"CML RNW",49.13545702,-120.762864,1953.594971,"High","SENETRI","herb",0.7
"123","12-2000_Error","12-2000","Manning Park Project 2025",2025,"CML RNW",49.13545702,-120.762864,1953.594971,"High","ORTHSEC","herb",0.45
"124","12-2000_Error","12-2000","Manning Park Project 2025",2025,"CML RNW",49.13545702,-120.762864,1953.594971,"High","LUPIARC","herb",3
"125","12-2000_Error","12-2000","Manning Park Project 2025",2025,"CML RNW",49.13545702,-120.762864,1953.594971,"High","PEDIBRA","herb",0.2
"126","12-2000_Error","12-2000","Manning Park Project 2025",2025,"CML RNW",49.13545702,-120.762864,1953.594971,"High","PEDIRAC","herb",0.3
"127","12-2000_Error","12-2000","Manning Park Project 2025",2025,"CML RNW",49.13545702,-120.762864,1953.594971,"High","POTEFLA","herb",0.45
"128","12-2000_Error","12-2000","Manning Park Project 2025",2025,"CML RNW",49.13545702,-120.762864,1953.594971,"High","TROLALB","herb",1
"129","12-2000_Error","12-2000","Manning Park Project 2025",2025,"CML RNW",49.13545702,-120.762864,1953.594971,"High","ANGEARG","herb",0.15
"130","12-2000_Error","12-2000","Manning Park Project 2025",2025,"CML RNW",49.13545702,-120.762864,1953.594971,"High","EPILGLA","herb",0.05
"131","12-2000_Error","12-2000","Manning Park Project 2025",2025,"CML RNW",49.13545702,-120.762864,1953.594971,"High","PULSOCC","herb",0.75
"132","12-2000_Error","12-2000","Manning Park Project 2025",2025,"CML RNW",49.13545702,-120.762864,1953.594971,"High","ACHIMIL","herb",0.1
"133","12-2000_Error","12-2000","Manning Park Project 2025",2025,"CML RNW",49.13545702,-120.762864,1953.594971,"High","CHAMANG","herb",0.1
"134","12-2000_Error","12-2000","Manning Park Project 2025",2025,"CML RNW",49.13545702,-120.762864,1953.594971,"High","HIERALB","herb",0
"135","12-2000_Error","12-2000","Manning Park Project 2025",2025,"CML RNW",49.13545702,-120.762864,1953.594971,"High","GOODOBL","herb",0.1
"136","14-4311_2025","14-4311","Manning Park Project 2025",2025,"CML RNW",49.05761504,-120.726075,1130.973145,"High","ABIELAS","tree",0.25
"137","14-4311_2025","14-4311","Manning Park Project 2025",2025,"CML RNW",49.05761504,-120.726075,1130.973145,"High","POPUTRI","tree",0.4
"138","14-4311_2025","14-4311","Manning Park Project 2025",2025,"CML RNW",49.05761504,-120.726075,1130.973145,"High","CORNSER","shrub",6
"139","14-4311_2025","14-4311","Manning Park Project 2025",2025,"CML RNW",49.05761504,-120.726075,1130.973145,"High","RUBUPAR","shrub",9.5
"140","14-4311_2025","14-4311","Manning Park Project 2025",2025,"CML RNW",49.05761504,-120.726075,1130.973145,"High","RIBELAC","shrub",1
"141","14-4311_2025","14-4311","Manning Park Project 2025",2025,"CML RNW",49.05761504,-120.726075,1130.973145,"High","LONIINV","shrub",1
"142","14-4311_2025","14-4311","Manning Park Project 2025",2025,"CML RNW",49.05761504,-120.726075,1130.973145,"High","VIBUEDU","shrub",0.5
"143","14-4311_2025","14-4311","Manning Park Project 2025",2025,"CML RNW",49.05761504,-120.726075,1130.973145,"High","AMELALN","shrub",0.9
"144","14-4311_2025","14-4311","Manning Park Project 2025",2025,"CML RNW",49.05761504,-120.726075,1130.973145,"High","ALNUINC","tree",1.5
"145","14-4311_2025","14-4311","Manning Park Project 2025",2025,"CML RNW",49.05761504,-120.726075,1130.973145,"High","ROSANUT","shrub",2.5
"146","14-4311_2025","14-4311","Manning Park Project 2025",2025,"CML RNW",49.05761504,-120.726075,1130.973145,"High","SPIRLUC","shrub",0.15
"147","14-4311_2025","14-4311","Manning Park Project 2025",2025,"CML RNW",49.05761504,-120.726075,1130.973145,"High","VACCCAE","shrub",0.1
"148","14-4311_2025","14-4311","Manning Park Project 2025",2025,"CML RNW",49.05761504,-120.726075,1130.973145,"High","RUBUSPE","shrub",0.25
"149","14-4311_2025","14-4311","Manning Park Project 2025",2025,"CML RNW",49.05761504,-120.726075,1130.973145,"High","SORBSCO","shrub",0
"150","14-4311_2025","14-4311","Manning Park Project 2025",2025,"CML RNW",49.05761504,-120.726075,1130.973145,"High","SYMPALB","shrub",0.15
"151","14-4311_2025","14-4311","Manning Park Project 2025",2025,"CML RNW",49.05761504,-120.726075,1130.973145,"High","CHAMANG","herb",47.5
"152","14-4311_2025","14-4311","Manning Park Project 2025",2025,"CML RNW",49.05761504,-120.726075,1130.973145,"High","ACHIMIL","herb",0.25
"153","14-4311_2025","14-4311","Manning Park Project 2025",2025,"CML RNW",49.05761504,-120.726075,1130.973145,"High","MAIARAC","herb",0.7
"154","14-4311_2025","14-4311","Manning Park Project 2025",2025,"CML RNW",49.05761504,-120.726075,1130.973145,"High","GALIAPA","herb",0.45
"155","14-4311_2025","14-4311","Manning Park Project 2025",2025,"CML RNW",49.05761504,-120.726075,1130.973145,"High","LINNBOR","shrub",1.7
"156","14-4311_2025","14-4311","Manning Park Project 2025",2025,"CML RNW",49.05761504,-120.726075,1130.973145,"High","CORNCAN","herb",0.6
"157","14-4311_2025","14-4311","Manning Park Project 2025",2025,"CML RNW",49.05761504,-120.726075,1130.973145,"High","CLINUNI","herb",0.4
"158","14-4311_2025","14-4311","Manning Park Project 2025",2025,"CML RNW",49.05761504,-120.726075,1130.973145,"High","ANAPMAR","herb",0.45
"159","14-4311_2025","14-4311","Manning Park Project 2025",2025,"CML RNW",49.05761504,-120.726075,1130.973145,"High","EQUIARV","herb",1.65
"160","14-4311_2025","14-4311","Manning Park Project 2025",2025,"CML RNW",49.05761504,-120.726075,1130.973145,"High","LILICOL","herb",0.05
"161","14-4311_2025","14-4311","Manning Park Project 2025",2025,"CML RNW",49.05761504,-120.726075,1130.973145,"High","VERAVIR","herb",0.4
"162","14-4311_2025","14-4311","Manning Park Project 2025",2025,"CML RNW",49.05761504,-120.726075,1130.973145,"High","STRELAN","herb",0.1
"163","14-4311_2025","14-4311","Manning Park Project 2025",2025,"CML RNW",49.05761504,-120.726075,1130.973145,"High","OSMOPUR","herb",0.05
"164","14-4311_2025","14-4311","Manning Park Project 2025",2025,"CML RNW",49.05761504,-120.726075,1130.973145,"High","FRAGVIR","herb",0
"165","14-4311_2025","14-4311","Manning Park Project 2025",2025,"CML RNW",49.05761504,-120.726075,1130.973145,"High","SILEMEN","herb",0.3
"166","14-4311_2025","14-4311","Manning Park Project 2025",2025,"CML RNW",49.05761504,-120.726075,1130.973145,"High","HIERALB","herb",0
"167","14-4311_Error","14-4311","Manning Park Project 2025",2025,"CML RNW",49.05797303,-120.725423,1128.22998,"High","ABIELAS","tree",0.25
"168","14-4311_Error","14-4311","Manning Park Project 2025",2025,"CML RNW",49.05797303,-120.725423,1128.22998,"High","PINUCON","tree",0.25
"169","14-4311_Error","14-4311","Manning Park Project 2025",2025,"CML RNW",49.05797303,-120.725423,1128.22998,"High","PICEENG","tree",0.5
"170","14-4311_Error","14-4311","Manning Park Project 2025",2025,"CML RNW",49.05797303,-120.725423,1128.22998,"High","POPUTRI","tree",0.1
"171","14-4311_Error","14-4311","Manning Park Project 2025",2025,"CML RNW",49.05797303,-120.725423,1128.22998,"High","ALNUCRI","shrub",1
"172","14-4311_Error","14-4311","Manning Park Project 2025",2025,"CML RNW",49.05797303,-120.725423,1128.22998,"High","LONIINV","shrub",0.3
"173","14-4311_Error","14-4311","Manning Park Project 2025",2025,"CML RNW",49.05797303,-120.725423,1128.22998,"High","AMELALN","shrub",1.25
"174","14-4311_Error","14-4311","Manning Park Project 2025",2025,"CML RNW",49.05797303,-120.725423,1128.22998,"High","SPIRLUC","shrub",0.4
"175","14-4311_Error","14-4311","Manning Park Project 2025",2025,"CML RNW",49.05797303,-120.725423,1128.22998,"High","VACCSCO","shrub",0.1
"176","14-4311_Error","14-4311","Manning Park Project 2025",2025,"CML RNW",49.05797303,-120.725423,1128.22998,"High","VACCULG","shrub",0.5
"177","14-4311_Error","14-4311","Manning Park Project 2025",2025,"CML RNW",49.05797303,-120.725423,1128.22998,"High","ROSANUT","shrub",2.7
"178","14-4311_Error","14-4311","Manning Park Project 2025",2025,"CML RNW",49.05797303,-120.725423,1128.22998,"High","CORNSER","shrub",0.5
"179","14-4311_Error","14-4311","Manning Park Project 2025",2025,"CML RNW",49.05797303,-120.725423,1128.22998,"High","SYMPALB","shrub",1.15
"180","14-4311_Error","14-4311","Manning Park Project 2025",2025,"CML RNW",49.05797303,-120.725423,1128.22998,"High","PAXIMYR","shrub",0.5
"181","14-4311_Error","14-4311","Manning Park Project 2025",2025,"CML RNW",49.05797303,-120.725423,1128.22998,"High","SORBSCO","shrub",0.2
"182","14-4311_Error","14-4311","Manning Park Project 2025",2025,"CML RNW",49.05797303,-120.725423,1128.22998,"High","RIBELAC","shrub",0.5
"183","14-4311_Error","14-4311","Manning Park Project 2025",2025,"CML RNW",49.05797303,-120.725423,1128.22998,"High","CHAMANG","herb",17.5
"184","14-4311_Error","14-4311","Manning Park Project 2025",2025,"CML RNW",49.05797303,-120.725423,1128.22998,"High","EQUIARV","herb",3.5
"185","14-4311_Error","14-4311","Manning Park Project 2025",2025,"CML RNW",49.05797303,-120.725423,1128.22998,"High","EURYCON","herb",4
"186","14-4311_Error","14-4311","Manning Park Project 2025",2025,"CML RNW",49.05797303,-120.725423,1128.22998,"High","CORNCAN","herb",0.65
"187","14-4311_Error","14-4311","Manning Park Project 2025",2025,"CML RNW",49.05797303,-120.725423,1128.22998,"High","ACHIMIL","herb",0.15
"188","14-4311_Error","14-4311","Manning Park Project 2025",2025,"CML RNW",49.05797303,-120.725423,1128.22998,"High","ANAPMAR","herb",0.1
"189","14-4311_Error","14-4311","Manning Park Project 2025",2025,"CML RNW",49.05797303,-120.725423,1128.22998,"High","FRAGVIR","herb",2.5
"190","14-4311_Error","14-4311","Manning Park Project 2025",2025,"CML RNW",49.05797303,-120.725423,1128.22998,"High","HIERALB","herb",0.55
"191","14-4311_Error","14-4311","Manning Park Project 2025",2025,"CML RNW",49.05797303,-120.725423,1128.22998,"High","ARNILAT","herb",0.25
"192","14-4311_Error","14-4311","Manning Park Project 2025",2025,"CML RNW",49.05797303,-120.725423,1128.22998,"High","MAIARAC","herb",0.25
"193","14-4311_Error","14-4311","Manning Park Project 2025",2025,"CML RNW",49.05797303,-120.725423,1128.22998,"High","CLINUNI","herb",1
"194","14-4311_Error","14-4311","Manning Park Project 2025",2025,"CML RNW",49.05797303,-120.725423,1128.22998,"High","LINNBOR","shrub",2.4
"195","14-4311_Error","14-4311","Manning Park Project 2025",2025,"CML RNW",49.05797303,-120.725423,1128.22998,"High","ANGEARG","herb",0.15
"196","14-4311_Error","14-4311","Manning Park Project 2025",2025,"CML RNW",49.05797303,-120.725423,1128.22998,"High","LILICOL","herb",0.15
"197","14-4311_Error","14-4311","Manning Park Project 2025",2025,"CML RNW",49.05797303,-120.725423,1128.22998,"High","OSMOPUR","herb",0.4
"198","14-4311_Error","14-4311","Manning Park Project 2025",2025,"CML RNW",49.05797303,-120.725423,1128.22998,"High","PETAFRI","herb",0
"199","14-4311_Error","14-4311","Manning Park Project 2025",2025,"CML RNW",49.05797303,-120.725423,1128.22998,"High","LUPIARC","herb",0.35
"200","14-4311_Error","14-4311","Manning Park Project 2025",2025,"CML RNW",49.05797303,-120.725423,1128.22998,"High","CHIMUMB","shrub",0.05
"201","14-4311_Error","14-4311","Manning Park Project 2025",2025,"CML RNW",49.05797303,-120.725423,1128.22998,"High","GOODOBL","herb",0.05
"202","14-4311_Error","14-4311","Manning Park Project 2025",2025,"CML RNW",49.05797303,-120.725423,1128.22998,"High","ARNICOR","herb",0.05
"203","14-4316_2025","14-4316","Manning Park Project 2025",2025,"CML RNW",49.03959,-120.764678,1546.151611,"High","PICEENG","tree",3
"204","14-4316_2025","14-4316","Manning Park Project 2025",2025,"CML RNW",49.03959,-120.764678,1546.151611,"High","ABIELAS","tree",34.5
"205","14-4316_2025","14-4316","Manning Park Project 2025",2025,"CML RNW",49.03959,-120.764678,1546.151611,"High","ABIEAMA","tree",0.75
"206","14-4316_2025","14-4316","Manning Park Project 2025",2025,"CML RNW",49.03959,-120.764678,1546.151611,"High","RUBUPAR","shrub",44
"207","14-4316_2025","14-4316","Manning Park Project 2025",2025,"CML RNW",49.03959,-120.764678,1546.151611,"High","VACCMEM","shrub",5.5
"208","14-4316_2025","14-4316","Manning Park Project 2025",2025,"CML RNW",49.03959,-120.764678,1546.151611,"High","PAXIMYR","shrub",7
"209","14-4316_2025","14-4316","Manning Park Project 2025",2025,"CML RNW",49.03959,-120.764678,1546.151611,"High","RIBELAC","shrub",6.5
"210","14-4316_2025","14-4316","Manning Park Project 2025",2025,"CML RNW",49.03959,-120.764678,1546.151611,"High","LONIUTA","shrub",13
"211","14-4316_2025","14-4316","Manning Park Project 2025",2025,"CML RNW",49.03959,-120.764678,1546.151611,"High","LONIINV","shrub",1.7
"212","14-4316_2025","14-4316","Manning Park Project 2025",2025,"CML RNW",49.03959,-120.764678,1546.151611,"High","SORBSIT","shrub",0.5
"213","14-4316_2025","14-4316","Manning Park Project 2025",2025,"CML RNW",49.03959,-120.764678,1546.151611,"High","RHODALB","shrub",4.5
"214","14-4316_2025","14-4316","Manning Park Project 2025",2025,"CML RNW",49.03959,-120.764678,1546.151611,"High","VACCSCO","shrub",1
"215","14-4316_2025","14-4316","Manning Park Project 2025",2025,"CML RNW",49.03959,-120.764678,1546.151611,"High","SORBSCO","shrub",0.25
"216","14-4316_2025","14-4316","Manning Park Project 2025",2025,"CML RNW",49.03959,-120.764678,1546.151611,"High","CHAMANG","herb",3.5
"217","14-4316_2025","14-4316","Manning Park Project 2025",2025,"CML RNW",49.03959,-120.764678,1546.151611,"High","STRELAN","herb",14.5
"218","14-4316_2025","14-4316","Manning Park Project 2025",2025,"CML RNW",49.03959,-120.764678,1546.151611,"High","THALOCC","herb",14
"219","14-4316_2025","14-4316","Manning Park Project 2025",2025,"CML RNW",49.03959,-120.764678,1546.151611,"High","ARNILAT","herb",3
"220","14-4316_2025","14-4316","Manning Park Project 2025",2025,"CML RNW",49.03959,-120.764678,1546.151611,"High","VALESIT","herb",29
"221","14-4316_2025","14-4316","Manning Park Project 2025",2025,"CML RNW",49.03959,-120.764678,1546.151611,"High","HERAMAX","herb",1
"222","14-4316_2025","14-4316","Manning Park Project 2025",2025,"CML RNW",49.03959,-120.764678,1546.151611,"High","VERAVIR","herb",1.5
"223","14-4316_2025","14-4316","Manning Park Project 2025",2025,"CML RNW",49.03959,-120.764678,1546.151611,"High","TIARTRI","herb",2
"224","14-4316_2025","14-4316","Manning Park Project 2025",2025,"CML RNW",49.03959,-120.764678,1546.151611,"High","ACONCOL","herb",0.5
"225","14-4316_2025","14-4316","Manning Park Project 2025",2025,"CML RNW",49.03959,-120.764678,1546.151611,"High","ORTHSEC","herb",0.55
"226","14-4316_2025","14-4316","Manning Park Project 2025",2025,"CML RNW",49.03959,-120.764678,1546.151611,"High","TROLALB","herb",0
"227","14-4316_2025","14-4316","Manning Park Project 2025",2025,"CML RNW",49.03959,-120.764678,1546.151611,"High","RUBUPED","herb",5
"228","14-4316_2025","14-4316","Manning Park Project 2025",2025,"CML RNW",49.03959,-120.764678,1546.151611,"High","GALITRF","herb",1.4
"229","14-4316_2025","14-4316","Manning Park Project 2025",2025,"CML RNW",49.03959,-120.764678,1546.151611,"High","PYROASA","herb",0.85
"230","14-4316_2025","14-4316","Manning Park Project 2025",2025,"CML RNW",49.03959,-120.764678,1546.151611,"High","EQUIARV","herb",15.15
"231","14-4316_2025","14-4316","Manning Park Project 2025",2025,"CML RNW",49.03959,-120.764678,1546.151611,"High","FRAGVIR","herb",0.3
"232","14-4316_2025","14-4316","Manning Park Project 2025",2025,"CML RNW",49.03959,-120.764678,1546.151611,"High","OSMOCHI","herb",0.1
"233","14-4316_2025","14-4316","Manning Park Project 2025",2025,"CML RNW",49.03959,-120.764678,1546.151611,"High","ACTARUB","herb",2
"234","14-4316_2025","14-4316","Manning Park Project 2025",2025,"CML RNW",49.03959,-120.764678,1546.151611,"High","ANGEGEN","herb",0
"235","14-4316_2025","14-4316","Manning Park Project 2025",2025,"CML RNW",49.03959,-120.764678,1546.151611,"High","PLATSTR","herb",0
"236","14-4316_2025","14-4316","Manning Park Project 2025",2025,"CML RNW",49.03959,-120.764678,1546.151611,"High","CLINUNI","herb",1.7
"237","14-4316_2025","14-4316","Manning Park Project 2025",2025,"CML RNW",49.03959,-120.764678,1546.151611,"High","STREAMP","herb",0.15
"238","14-4316_2025","14-4316","Manning Park Project 2025",2025,"CML RNW",49.03959,-120.764678,1546.151611,"High","ARNICOR","herb",0.35
"239","14-4316_2025","14-4316","Manning Park Project 2025",2025,"CML RNW",49.03959,-120.764678,1546.151611,"High","NEOTCOR","herb",0.1
"240","14-4316_2025","14-4316","Manning Park Project 2025",2025,"CML RNW",49.03959,-120.764678,1546.151611,"High","GOODOBL","herb",0.15
"241","14-4316_2025","14-4316","Manning Park Project 2025",2025,"CML RNW",49.03959,-120.764678,1546.151611,"High","PARNFIM","herb",0.3
"242","14-4316_2025","14-4316","Manning Park Project 2025",2025,"CML RNW",49.03959,-120.764678,1546.151611,"High","ANGEARG","herb",0
"243","14-4316_2025","14-4316","Manning Park Project 2025",2025,"CML RNW",49.03959,-120.764678,1546.151611,"High","SYMPFOL","herb",0.1
"244","14-4316_2025","14-4316","Manning Park Project 2025",2025,"CML RNW",49.03959,-120.764678,1546.151611,"High","CLAYPER","herb",0
"245","14-4316_2025","14-4316","Manning Park Project 2025",2025,"CML RNW",49.03959,-120.764678,1546.151611,"High","ANEMGRA","herb",0.05
"246","14-4316_Error","14-4316","Manning Park Project 2025",2025,"CML RNW",49.04008403,-120.765186,1557.805664,"Med-High","ABIELAS","tree",15.5
"247","14-4316_Error","14-4316","Manning Park Project 2025",2025,"CML RNW",49.04008403,-120.765186,1557.805664,"Med-High","PICEENG","tree",11
"248","14-4316_Error","14-4316","Manning Park Project 2025",2025,"CML RNW",49.04008403,-120.765186,1557.805664,"Med-High","ABIEAMA","tree",0.1
"249","14-4316_Error","14-4316","Manning Park Project 2025",2025,"CML RNW",49.04008403,-120.765186,1557.805664,"Med-High","RUBUPAR","shrub",0.05
"250","14-4316_Error","14-4316","Manning Park Project 2025",2025,"CML RNW",49.04008403,-120.765186,1557.805664,"Med-High","VACCMEM","shrub",4
"251","14-4316_Error","14-4316","Manning Park Project 2025",2025,"CML RNW",49.04008403,-120.765186,1557.805664,"Med-High","RIBELAC","shrub",6
"252","14-4316_Error","14-4316","Manning Park Project 2025",2025,"CML RNW",49.04008403,-120.765186,1557.805664,"Med-High","SORBSIT","shrub",2.5
"253","14-4316_Error","14-4316","Manning Park Project 2025",2025,"CML RNW",49.04008403,-120.765186,1557.805664,"Med-High","PAXIMYR","shrub",0.25
"254","14-4316_Error","14-4316","Manning Park Project 2025",2025,"CML RNW",49.04008403,-120.765186,1557.805664,"Med-High","LONIUTA","shrub",2
"255","14-4316_Error","14-4316","Manning Park Project 2025",2025,"CML RNW",49.04008403,-120.765186,1557.805664,"Med-High","SORBSCO","shrub",0.4
"256","14-4316_Error","14-4316","Manning Park Project 2025",2025,"CML RNW",49.04008403,-120.765186,1557.805664,"Med-High","LONIINV","shrub",0.4
"257","14-4316_Error","14-4316","Manning Park Project 2025",2025,"CML RNW",49.04008403,-120.765186,1557.805664,"Med-High","RHODALB","shrub",14
"258","14-4316_Error","14-4316","Manning Park Project 2025",2025,"CML RNW",49.04008403,-120.765186,1557.805664,"Med-High","VACCSCO","shrub",0.15
"259","14-4316_Error","14-4316","Manning Park Project 2025",2025,"CML RNW",49.04008403,-120.765186,1557.805664,"Med-High","EQUIARV","herb",32
"260","14-4316_Error","14-4316","Manning Park Project 2025",2025,"CML RNW",49.04008403,-120.765186,1557.805664,"Med-High","SYMPFOL","herb",10
"261","14-4316_Error","14-4316","Manning Park Project 2025",2025,"CML RNW",49.04008403,-120.765186,1557.805664,"Med-High","ARNILAT","herb",2.5
"262","14-4316_Error","14-4316","Manning Park Project 2025",2025,"CML RNW",49.04008403,-120.765186,1557.805664,"Med-High","VALESIT","herb",24.5
"263","14-4316_Error","14-4316","Manning Park Project 2025",2025,"CML RNW",49.04008403,-120.765186,1557.805664,"Med-High","STRELAN","herb",13
"264","14-4316_Error","14-4316","Manning Park Project 2025",2025,"CML RNW",49.04008403,-120.765186,1557.805664,"Med-High","CHAMANG","herb",0.75
"265","14-4316_Error","14-4316","Manning Park Project 2025",2025,"CML RNW",49.04008403,-120.765186,1557.805664,"Med-High","SENETRI","herb",1.5
"266","14-4316_Error","14-4316","Manning Park Project 2025",2025,"CML RNW",49.04008403,-120.765186,1557.805664,"Med-High","ATHYFIL","herb",0
"267","14-4316_Error","14-4316","Manning Park Project 2025",2025,"CML RNW",49.04008403,-120.765186,1557.805664,"Med-High","RUBUPED","herb",12.5
"268","14-4316_Error","14-4316","Manning Park Project 2025",2025,"CML RNW",49.04008403,-120.765186,1557.805664,"Med-High","TIARTRI","herb",3
"269","14-4316_Error","14-4316","Manning Park Project 2025",2025,"CML RNW",49.04008403,-120.765186,1557.805664,"Med-High","ARNICOR","herb",0
"270","14-4316_Error","14-4316","Manning Park Project 2025",2025,"CML RNW",49.04008403,-120.765186,1557.805664,"Med-High","CLINUNI","herb",0.55
"271","14-4316_Error","14-4316","Manning Park Project 2025",2025,"CML RNW",49.04008403,-120.765186,1557.805664,"Med-High","ORTHSEC","herb",0.05
"272","14-4316_Error","14-4316","Manning Park Project 2025",2025,"CML RNW",49.04008403,-120.765186,1557.805664,"Med-High","PYROASA","herb",0.5
"273","14-4316_Error","14-4316","Manning Park Project 2025",2025,"CML RNW",49.04008403,-120.765186,1557.805664,"Med-High","PLATSTR","herb",0.3
"274","14-4316_Error","14-4316","Manning Park Project 2025",2025,"CML RNW",49.04008403,-120.765186,1557.805664,"Med-High","MICRODO","herb",3.05
"275","14-4316_Error","14-4316","Manning Park Project 2025",2025,"CML RNW",49.04008403,-120.765186,1557.805664,"Med-High","GALITRF","herb",0.3
"276","14-4316_Error","14-4316","Manning Park Project 2025",2025,"CML RNW",49.04008403,-120.765186,1557.805664,"Med-High","NEOTCOR","herb",0
"277","14-4316_Error","14-4316","Manning Park Project 2025",2025,"CML RNW",49.04008403,-120.765186,1557.805664,"Med-High","TROLALB","herb",0.2
"278","14-4316_Error","14-4316","Manning Park Project 2025",2025,"CML RNW",49.04008403,-120.765186,1557.805664,"Med-High","VERAVIR","herb",9
"279","14-4316_Error","14-4316","Manning Park Project 2025",2025,"CML RNW",49.04008403,-120.765186,1557.805664,"Med-High","OSMOCHI","herb",0.25
"280","14-4316_Error","14-4316","Manning Park Project 2025",2025,"CML RNW",49.04008403,-120.765186,1557.805664,"Med-High","THALOCC","herb",0.2
"281","14-4316_Error","14-4316","Manning Park Project 2025",2025,"CML RNW",49.04008403,-120.765186,1557.805664,"Med-High","SYMPFOL","herb",0.3
"282","14-4316_Error","14-4316","Manning Park Project 2025",2025,"CML RNW",49.04008403,-120.765186,1557.805664,"Med-High","LEPTPYR","herb",0.2
"283","14-4316_Error","14-4316","Manning Park Project 2025",2025,"CML RNW",49.04008403,-120.765186,1557.805664,"Med-High","STREAMP","herb",0.3
"284","14-4316_Error","14-4316","Manning Park Project 2025",2025,"CML RNW",49.04008403,-120.765186,1557.805664,"Med-High","ANEMGRA","herb",0.2
"285","14-4316_Error","14-4316","Manning Park Project 2025",2025,"CML RNW",49.04008403,-120.765186,1557.805664,"Med-High","GYMNDRY","herb",0
"286","14-4316_Error","14-4316","Manning Park Project 2025",2025,"CML RNW",49.04008403,-120.765186,1557.805664,"Med-High","ACTARUB","herb",0.25
"287","14-4317_2025","14-4317","Manning Park Project 2025",2025,"CML RNW",49.04947403,-120.764637,1554.978394,"High","ABIELAS","tree",27
"288","14-4317_2025","14-4317","Manning Park Project 2025",2025,"CML RNW",49.04947403,-120.764637,1554.978394,"High","PICEENG","tree",7.5
"289","14-4317_2025","14-4317","Manning Park Project 2025",2025,"CML RNW",49.04947403,-120.764637,1554.978394,"High","PSEUMEN","tree",3.5
"290","14-4317_2025","14-4317","Manning Park Project 2025",2025,"CML RNW",49.04947403,-120.764637,1554.978394,"High","TSUGHET","tree",3.5
"291","14-4317_2025","14-4317","Manning Park Project 2025",2025,"CML RNW",49.04947403,-120.764637,1554.978394,"High","ABIEAMA","tree",1.5
"292","14-4317_2025","14-4317","Manning Park Project 2025",2025,"CML RNW",49.04947403,-120.764637,1554.978394,"High","PAXIMYR","shrub",17
"293","14-4317_2025","14-4317","Manning Park Project 2025",2025,"CML RNW",49.04947403,-120.764637,1554.978394,"High","VACCSCO","shrub",30
"294","14-4317_2025","14-4317","Manning Park Project 2025",2025,"CML RNW",49.04947403,-120.764637,1554.978394,"High","RHODALB","shrub",1
"295","14-4317_2025","14-4317","Manning Park Project 2025",2025,"CML RNW",49.04947403,-120.764637,1554.978394,"High","VACCMEM","shrub",11
"296","14-4317_2025","14-4317","Manning Park Project 2025",2025,"CML RNW",49.04947403,-120.764637,1554.978394,"High","SPIRLUC","shrub",4.75
"297","14-4317_2025","14-4317","Manning Park Project 2025",2025,"CML RNW",49.04947403,-120.764637,1554.978394,"High","SORBSCO","shrub",2.5
"298","14-4317_2025","14-4317","Manning Park Project 2025",2025,"CML RNW",49.04947403,-120.764637,1554.978394,"High","AMELALN","shrub",1.5
"299","14-4317_2025","14-4317","Manning Park Project 2025",2025,"CML RNW",49.04947403,-120.764637,1554.978394,"High","RIBEVIS","shrub",0.25
"300","14-4317_2025","14-4317","Manning Park Project 2025",2025,"CML RNW",49.04947403,-120.764637,1554.978394,"High","LONIUTA","shrub",1.5
"301","14-4317_2025","14-4317","Manning Park Project 2025",2025,"CML RNW",49.04947403,-120.764637,1554.978394,"High","LUPIARC","herb",8.5
"302","14-4317_2025","14-4317","Manning Park Project 2025",2025,"CML RNW",49.04947403,-120.764637,1554.978394,"High","PEDIRAC","herb",2
"303","14-4317_2025","14-4317","Manning Park Project 2025",2025,"CML RNW",49.04947403,-120.764637,1554.978394,"High","PEDIBRA","herb",0.05
"304","14-4317_2025","14-4317","Manning Park Project 2025",2025,"CML RNW",49.04947403,-120.764637,1554.978394,"High","HIERALB","herb",0.35
"305","14-4317_2025","14-4317","Manning Park Project 2025",2025,"CML RNW",49.04947403,-120.764637,1554.978394,"High","ORTHSEC","herb",2
"306","14-4317_2025","14-4317","Manning Park Project 2025",2025,"CML RNW",49.04947403,-120.764637,1554.978394,"High","SYMPFOL","herb",0.95
"307","14-4317_2025","14-4317","Manning Park Project 2025",2025,"CML RNW",49.04947403,-120.764637,1554.978394,"High","ARNICOR","herb",0.65
"308","14-4317_2025","14-4317","Manning Park Project 2025",2025,"CML RNW",49.04947403,-120.764637,1554.978394,"High","GOODOBL","herb",0.5
"309","14-4317_2025","14-4317","Manning Park Project 2025",2025,"CML RNW",49.04947403,-120.764637,1554.978394,"High","CHIMUMB","shrub",0.3
"310","14-4317_2025","14-4317","Manning Park Project 2025",2025,"CML RNW",49.04947403,-120.764637,1554.978394,"High","CHAMANG","herb",0.1
"311","14-4317_2025","14-4317","Manning Park Project 2025",2025,"CML RNW",49.04947403,-120.764637,1554.978394,"High","ERYTGRA","herb",0.05
"312","14-4317_2025","14-4317","Manning Park Project 2025",2025,"CML RNW",49.04947403,-120.764637,1554.978394,"High","ARNILAT","herb",0.5
"313","14-4317_2025","14-4317","Manning Park Project 2025",2025,"CML RNW",49.04947403,-120.764637,1554.978394,"High","VALESIT","herb",0.3
"314","14-4317_Error","14-4317","Manning Park Project 2025",2025,"CML RNW",49.05003796,-120.764562,1551.628784,"Med-High","PICEENG","tree",5.5
"315","14-4317_Error","14-4317","Manning Park Project 2025",2025,"CML RNW",49.05003796,-120.764562,1551.628784,"Med-High","ABIELAS","tree",13.75
"316","14-4317_Error","14-4317","Manning Park Project 2025",2025,"CML RNW",49.05003796,-120.764562,1551.628784,"Med-High","PSEUMEN","tree",2
"317","14-4317_Error","14-4317","Manning Park Project 2025",2025,"CML RNW",49.05003796,-120.764562,1551.628784,"Med-High","PINUCON","tree",6.15
"318","14-4317_Error","14-4317","Manning Park Project 2025",2025,"CML RNW",49.05003796,-120.764562,1551.628784,"Med-High","PAXIMYR","shrub",7.5
"319","14-4317_Error","14-4317","Manning Park Project 2025",2025,"CML RNW",49.05003796,-120.764562,1551.628784,"Med-High","VACCSCO","shrub",49
"320","14-4317_Error","14-4317","Manning Park Project 2025",2025,"CML RNW",49.05003796,-120.764562,1551.628784,"Med-High","VACCMEM","shrub",22
"321","14-4317_Error","14-4317","Manning Park Project 2025",2025,"CML RNW",49.05003796,-120.764562,1551.628784,"Med-High","SPIRLUC","shrub",3.5
"322","14-4317_Error","14-4317","Manning Park Project 2025",2025,"CML RNW",49.05003796,-120.764562,1551.628784,"Med-High","SORBSCO","shrub",0.75
"323","14-4317_Error","14-4317","Manning Park Project 2025",2025,"CML RNW",49.05003796,-120.764562,1551.628784,"Med-High","LONIUTA","shrub",0.5
"324","14-4317_Error","14-4317","Manning Park Project 2025",2025,"CML RNW",49.05003796,-120.764562,1551.628784,"Med-High","AMELALN","shrub",0
"325","14-4317_Error","14-4317","Manning Park Project 2025",2025,"CML RNW",49.05003796,-120.764562,1551.628784,"Med-High","RHODALB","shrub",0.5
"326","14-4317_Error","14-4317","Manning Park Project 2025",2025,"CML RNW",49.05003796,-120.764562,1551.628784,"Med-High","LUPIARC","herb",4.5
"327","14-4317_Error","14-4317","Manning Park Project 2025",2025,"CML RNW",49.05003796,-120.764562,1551.628784,"Med-High","PEDIRAC","herb",1.5
"328","14-4317_Error","14-4317","Manning Park Project 2025",2025,"CML RNW",49.05003796,-120.764562,1551.628784,"Med-High","ORTHSEC","herb",0.5
"329","14-4317_Error","14-4317","Manning Park Project 2025",2025,"CML RNW",49.05003796,-120.764562,1551.628784,"Med-High","CHIMUMB","shrub",0.25
"330","14-4317_Error","14-4317","Manning Park Project 2025",2025,"CML RNW",49.05003796,-120.764562,1551.628784,"Med-High","HIERALB","herb",0.75
"331","14-4317_Error","14-4317","Manning Park Project 2025",2025,"CML RNW",49.05003796,-120.764562,1551.628784,"Med-High","ARNICOR","herb",0
"332","14-4317_Error","14-4317","Manning Park Project 2025",2025,"CML RNW",49.05003796,-120.764562,1551.628784,"Med-High","CHAMANG","herb",0.45
"333","14-4317_Error","14-4317","Manning Park Project 2025",2025,"CML RNW",49.05003796,-120.764562,1551.628784,"Med-High","GOODOBL","herb",0.05
"334","14-4317_Error","14-4317","Manning Park Project 2025",2025,"CML RNW",49.05003796,-120.764562,1551.628784,"Med-High","SYMPFOL","herb",0.05
"335","14-4317_Error","14-4317","Manning Park Project 2025",2025,"CML RNW",49.05003796,-120.764562,1551.628784,"Med-High","ARNILAT","herb",0.2
"336","14-4317_Error","14-4317","Manning Park Project 2025",2025,"CML RNW",49.05003796,-120.764562,1551.628784,"Med-High","ERYTGRA","herb",0.05
"337","14-4320_2025","14-4320","Manning Park Project 2025",2025,"CML RNW",49.07690699,-120.771043,1819.606201,"High","ARCTUVA","shrub",0
"338","14-4320_2025","14-4320","Manning Park Project 2025",2025,"CML RNW",49.07690699,-120.771043,1819.606201,"High","PAXIMYR","shrub",0.25
"339","14-4320_2025","14-4320","Manning Park Project 2025",2025,"CML RNW",49.07690699,-120.771043,1819.606201,"High","JUNICOM","shrub",0
"340","14-4320_2025","14-4320","Manning Park Project 2025",2025,"CML RNW",49.07690699,-120.771043,1819.606201,"High","SPIRLUC","shrub",0
"341","14-4320_2025","14-4320","Manning Park Project 2025",2025,"CML RNW",49.07690699,-120.771043,1819.606201,"High","PENSFRU","herb",1.8
"342","14-4320_2025","14-4320","Manning Park Project 2025",2025,"CML RNW",49.07690699,-120.771043,1819.606201,"High","SEDUDIV","herb",1
"343","14-4320_2025","14-4320","Manning Park Project 2025",2025,"CML RNW",49.07690699,-120.771043,1819.606201,"High","SEDULAN","herb",0.1
"344","14-4320_2025","14-4320","Manning Park Project 2025",2025,"CML RNW",49.07690699,-120.771043,1819.606201,"High","HEUCCYL","herb",0.25
"345","14-4320_2025","14-4320","Manning Park Project 2025",2025,"CML RNW",49.07690699,-120.771043,1819.606201,"High","ERIOUMB","herb",1.6
"346","14-4320_2025","14-4320","Manning Park Project 2025",2025,"CML RNW",49.07690699,-120.771043,1819.606201,"High","ERIGCOM","herb",4.5
"347","14-4320_2025","14-4320","Manning Park Project 2025",2025,"CML RNW",49.07690699,-120.771043,1819.606201,"High","ACHIMIL","herb",0.6
"348","14-4320_2025","14-4320","Manning Park Project 2025",2025,"CML RNW",49.07690699,-120.771043,1819.606201,"High","SILEPAR","herb",0.3
"349","14-4320_2025","14-4320","Manning Park Project 2025",2025,"CML RNW",49.07690699,-120.771043,1819.606201,"High","EREMCAP","herb",1.1
"350","14-4320_2025","14-4320","Manning Park Project 2025",2025,"CML RNW",49.07690699,-120.771043,1819.606201,"High","PHLODIF","herb",0.65
"351","14-4320_2025","14-4320","Manning Park Project 2025",2025,"CML RNW",49.07690699,-120.771043,1819.606201,"High","ERIOOVA","herb",0.25
"352","14-4320_2025","14-4320","Manning Park Project 2025",2025,"CML RNW",49.07690699,-120.771043,1819.606201,"High","POLEPUL","herb",1
"353","14-4320_2025","14-4320","Manning Park Project 2025",2025,"CML RNW",49.07690699,-120.771043,1819.606201,"High","DRYMPSE","herb",0.7
"354","14-4320_2025","14-4320","Manning Park Project 2025",2025,"CML RNW",49.07690699,-120.771043,1819.606201,"High","TARAOFF","herb",0.05
"355","14-4320_2025","14-4320","Manning Park Project 2025",2025,"CML RNW",49.07690699,-120.771043,1819.606201,"High","SAXIAUS","herb",2.5
"356","14-4320_2025","14-4320","Manning Park Project 2025",2025,"CML RNW",49.07690699,-120.771043,1819.606201,"High","ARNIPAR","herb",0.2
"357","14-4320_2025","14-4320","Manning Park Project 2025",2025,"CML RNW",49.07690699,-120.771043,1819.606201,"High","PACKCAN","herb",0
"358","14-4320_Error","14-4320","Manning Park Project 2025",2025,"CML RNW",49.07645999,-120.77039,1804.173218,"High","JUNICOM","shrub",0.5
"359","14-4320_Error","14-4320","Manning Park Project 2025",2025,"CML RNW",49.07645999,-120.77039,1804.173218,"High","SPIRLUC","shrub",0
"360","14-4320_Error","14-4320","Manning Park Project 2025",2025,"CML RNW",49.07645999,-120.77039,1804.173218,"High","AMELALN","shrub",0
"361","14-4320_Error","14-4320","Manning Park Project 2025",2025,"CML RNW",49.07645999,-120.77039,1804.173218,"High","SEDULAN","herb",0.15
"362","14-4320_Error","14-4320","Manning Park Project 2025",2025,"CML RNW",49.07645999,-120.77039,1804.173218,"High","SEDUDIV","herb",3
"363","14-4320_Error","14-4320","Manning Park Project 2025",2025,"CML RNW",49.07645999,-120.77039,1804.173218,"High","HEUCCYL","herb",0.15
"364","14-4320_Error","14-4320","Manning Park Project 2025",2025,"CML RNW",49.07645999,-120.77039,1804.173218,"High","ERIGCOM","herb",2
"365","14-4320_Error","14-4320","Manning Park Project 2025",2025,"CML RNW",49.07645999,-120.77039,1804.173218,"High","ERIOUMB","herb",4.5
"366","14-4320_Error","14-4320","Manning Park Project 2025",2025,"CML RNW",49.07645999,-120.77039,1804.173218,"High","EREMCAP","herb",3.5
"367","14-4320_Error","14-4320","Manning Park Project 2025",2025,"CML RNW",49.07645999,-120.77039,1804.173218,"High","SILEPAR","herb",1.1
"368","14-4320_Error","14-4320","Manning Park Project 2025",2025,"CML RNW",49.07645999,-120.77039,1804.173218,"High","ACHIMIL","herb",0.55
"369","14-4320_Error","14-4320","Manning Park Project 2025",2025,"CML RNW",49.07645999,-120.77039,1804.173218,"High","FRAGVIR","herb",0.1
"370","14-4320_Error","14-4320","Manning Park Project 2025",2025,"CML RNW",49.07645999,-120.77039,1804.173218,"High","PACKCAN","herb",0.25
"371","14-4320_Error","14-4320","Manning Park Project 2025",2025,"CML RNW",49.07645999,-120.77039,1804.173218,"High","PHLODIF","herb",4.5
"372","14-4320_Error","14-4320","Manning Park Project 2025",2025,"CML RNW",49.07645999,-120.77039,1804.173218,"High","PENSPRO","herb",0.3
"373","14-4320_Error","14-4320","Manning Park Project 2025",2025,"CML RNW",49.07645999,-120.77039,1804.173218,"High","PENSFRU","herb",0
"374","14-4386_2025","14-4386","Manning Park Project 2025",2025,"CML RNW",49.10004004,-120.759847,1994.03418,"Med-High","PINUALB","tree",2.5
"375","14-4386_2025","14-4386","Manning Park Project 2025",2025,"CML RNW",49.10004004,-120.759847,1994.03418,"Med-High","ABIELAS","tree",7.5
"376","14-4386_2025","14-4386","Manning Park Project 2025",2025,"CML RNW",49.10004004,-120.759847,1994.03418,"Med-High","VACCSCO","shrub",12
"377","14-4386_2025","14-4386","Manning Park Project 2025",2025,"CML RNW",49.10004004,-120.759847,1994.03418,"Med-High","PULSOCC","herb",7.5
"378","14-4386_2025","14-4386","Manning Park Project 2025",2025,"CML RNW",49.10004004,-120.759847,1994.03418,"Med-High","PHLODIF","herb",11.5
"379","14-4386_2025","14-4386","Manning Park Project 2025",2025,"CML RNW",49.10004004,-120.759847,1994.03418,"Med-High","ERYTGRA","herb",3
"380","14-4386_2025","14-4386","Manning Park Project 2025",2025,"CML RNW",49.10004004,-120.759847,1994.03418,"Med-High","EREMCAP","herb",2.5
"381","14-4386_2025","14-4386","Manning Park Project 2025",2025,"CML RNW",49.10004004,-120.759847,1994.03418,"Med-High","PENSPRO","herb",0.65
"382","14-4386_2025","14-4386","Manning Park Project 2025",2025,"CML RNW",49.10004004,-120.759847,1994.03418,"Med-High","VEROCUS","herb",2
"383","14-4386_2025","14-4386","Manning Park Project 2025",2025,"CML RNW",49.10004004,-120.759847,1994.03418,"Med-High","ANTELAN","herb",4
"384","14-4386_2025","14-4386","Manning Park Project 2025",2025,"CML RNW",49.10004004,-120.759847,1994.03418,"Med-High","VALESIT","herb",3.65
"385","14-4386_2025","14-4386","Manning Park Project 2025",2025,"CML RNW",49.10004004,-120.759847,1994.03418,"Med-High","ACHIMIL","herb",1.5
"386","14-4386_2025","14-4386","Manning Park Project 2025",2025,"CML RNW",49.10004004,-120.759847,1994.03418,"Med-High","ARNIPAR","herb",1.45
"387","14-4386_2025","14-4386","Manning Park Project 2025",2025,"CML RNW",49.10004004,-120.759847,1994.03418,"Med-High","THALOCC","herb",0.2
"388","14-4386_2025","14-4386","Manning Park Project 2025",2025,"CML RNW",49.10004004,-120.759847,1994.03418,"Med-High","ERIGGLA","herb",0.55
"389","14-4386_2025","14-4386","Manning Park Project 2025",2025,"CML RNW",49.10004004,-120.759847,1994.03418,"Med-High","SEDULAN","herb",0.1
"390","14-4386_2025","14-4386","Manning Park Project 2025",2025,"CML RNW",49.10004004,-120.759847,1994.03418,"Med-High","POTEFLA","herb",2
"391","14-4386_2025","14-4386","Manning Park Project 2025",2025,"CML RNW",49.10004004,-120.759847,1994.03418,"Med-High","AGOSAUR","herb",0.1
"392","14-4386_2025","14-4386","Manning Park Project 2025",2025,"CML RNW",49.10004004,-120.759847,1994.03418,"Med-High","DRYMGLA","herb",0
"393","14-4386_2025","14-4386","Manning Park Project 2025",2025,"CML RNW",49.10004004,-120.759847,1994.03418,"Med-High","PEDIRAC","herb",0.05
"394","14-4386_2025","14-4386","Manning Park Project 2025",2025,"CML RNW",49.10004004,-120.759847,1994.03418,"Med-High","ARNILAT","herb",0.15
"395","14-4386_Error","14-4386","Manning Park Project 2025",2025,"CML RNW",49.09998598,-120.758873,1994.090088,"Med-High","PINUALB","tree",0.25
"396","14-4386_Error","14-4386","Manning Park Project 2025",2025,"CML RNW",49.09998598,-120.758873,1994.090088,"Med-High","ABIELAS","tree",3.5
"397","14-4386_Error","14-4386","Manning Park Project 2025",2025,"CML RNW",49.09998598,-120.758873,1994.090088,"Med-High","VACCSCO","shrub",12.5
"398","14-4386_Error","14-4386","Manning Park Project 2025",2025,"CML RNW",49.09998598,-120.758873,1994.090088,"Med-High","VACCDEL","shrub",0.5
"399","14-4386_Error","14-4386","Manning Park Project 2025",2025,"CML RNW",49.09998598,-120.758873,1994.090088,"Med-High","PHLODIF","herb",2.5
"400","14-4386_Error","14-4386","Manning Park Project 2025",2025,"CML RNW",49.09998598,-120.758873,1994.090088,"Med-High","ERYTGRA","herb",1.65
"401","14-4386_Error","14-4386","Manning Park Project 2025",2025,"CML RNW",49.09998598,-120.758873,1994.090088,"Med-High","PEDIRAC","herb",0.15
"402","14-4386_Error","14-4386","Manning Park Project 2025",2025,"CML RNW",49.09998598,-120.758873,1994.090088,"Med-High","EREMCAP","herb",6.5
"403","14-4386_Error","14-4386","Manning Park Project 2025",2025,"CML RNW",49.09998598,-120.758873,1994.090088,"Med-High","VALESIT","herb",0
"404","14-4386_Error","14-4386","Manning Park Project 2025",2025,"CML RNW",49.09998598,-120.758873,1994.090088,"Med-High","ANTELAN","herb",6.5
"405","14-4386_Error","14-4386","Manning Park Project 2025",2025,"CML RNW",49.09998598,-120.758873,1994.090088,"Med-High","ACHIMIL","herb",1.25
"406","14-4386_Error","14-4386","Manning Park Project 2025",2025,"CML RNW",49.09998598,-120.758873,1994.090088,"Med-High","PULSOCC","herb",0.305
"407","14-4386_Error","14-4386","Manning Park Project 2025",2025,"CML RNW",49.09998598,-120.758873,1994.090088,"Med-High","ARNIPAR","herb",0.3
"408","14-4386_Error","14-4386","Manning Park Project 2025",2025,"CML RNW",49.09998598,-120.758873,1994.090088,"Med-High","SEDULAN","herb",0.1
"409","14-4386_Error","14-4386","Manning Park Project 2025",2025,"CML RNW",49.09998598,-120.758873,1994.090088,"Med-High","ARNILAT","herb",0
"410","14-4386_Error","14-4386","Manning Park Project 2025",2025,"CML RNW",49.09998598,-120.758873,1994.090088,"Med-High","PEDIBRA","herb",0
"411","14-4386_Error","14-4386","Manning Park Project 2025",2025,"CML RNW",49.09998598,-120.758873,1994.090088,"Med-High","ERIGGLA","herb",0.45
"412","14-4386_Error","14-4386","Manning Park Project 2025",2025,"CML RNW",49.09998598,-120.758873,1994.090088,"Med-High","LUPIARC","herb",0.1
"413","14-4386_Error","14-4386","Manning Park Project 2025",2025,"CML RNW",49.09998598,-120.758873,1994.090088,"Med-High","PENSPRO","herb",0.15
"414","14-4386_Error","14-4386","Manning Park Project 2025",2025,"CML RNW",49.09998598,-120.758873,1994.090088,"Med-High","POTEFLA","herb",0.05
"415","14-4386_Error","14-4386","Manning Park Project 2025",2025,"CML RNW",49.09998598,-120.758873,1994.090088,"Med-High","VEROCUS","herb",0
"416","14-4387_2025","14-4387","Manning Park Project 2025",2025,"CML RNW",49.09144901,-120.773455,1950.674438,"High","PINUALB","tree",1.5
"417","14-4387_2025","14-4387","Manning Park Project 2025",2025,"CML RNW",49.09144901,-120.773455,1950.674438,"High","ABIELAS","tree",5
"418","14-4387_2025","14-4387","Manning Park Project 2025",2025,"CML RNW",49.09144901,-120.773455,1950.674438,"High","PICEENG","tree",4
"419","14-4387_2025","14-4387","Manning Park Project 2025",2025,"CML RNW",49.09144901,-120.773455,1950.674438,"High","PAXIMYR","shrub",14
"420","14-4387_2025","14-4387","Manning Park Project 2025",2025,"CML RNW",49.09144901,-120.773455,1950.674438,"High","JUNICOM","shrub",0.5
"421","14-4387_2025","14-4387","Manning Park Project 2025",2025,"CML RNW",49.09144901,-120.773455,1950.674438,"High","VACCSCO","shrub",0.5
"422","14-4387_2025","14-4387","Manning Park Project 2025",2025,"CML RNW",49.09144901,-120.773455,1950.674438,"High","SILEPAR","herb",1.5
"423","14-4387_2025","14-4387","Manning Park Project 2025",2025,"CML RNW",49.09144901,-120.773455,1950.674438,"High","PHLODIF","herb",6
"424","14-4387_2025","14-4387","Manning Park Project 2025",2025,"CML RNW",49.09144901,-120.773455,1950.674438,"High","ERYTGRA","herb",0.35
"425","14-4387_2025","14-4387","Manning Park Project 2025",2025,"CML RNW",49.09144901,-120.773455,1950.674438,"High","ACHIMIL","herb",4.5
"426","14-4387_2025","14-4387","Manning Park Project 2025",2025,"CML RNW",49.09144901,-120.773455,1950.674438,"High","ARNILAT","herb",0.5
"427","14-4387_2025","14-4387","Manning Park Project 2025",2025,"CML RNW",49.09144901,-120.773455,1950.674438,"High","ARNICOR","herb",0.2
"428","14-4387_2025","14-4387","Manning Park Project 2025",2025,"CML RNW",49.09144901,-120.773455,1950.674438,"High","FRAGVIR","herb",0.9
"429","14-4387_2025","14-4387","Manning Park Project 2025",2025,"CML RNW",49.09144901,-120.773455,1950.674438,"High","AGOSAUR","herb",0.05
"430","14-4387_2025","14-4387","Manning Park Project 2025",2025,"CML RNW",49.09144901,-120.773455,1950.674438,"High","ANTEROS","herb",1.4
"431","14-4387_2025","14-4387","Manning Park Project 2025",2025,"CML RNW",49.09144901,-120.773455,1950.674438,"High","ARNIPAR","herb",0.95
"432","14-4387_2025","14-4387","Manning Park Project 2025",2025,"CML RNW",49.09144901,-120.773455,1950.674438,"High","ERIOUMB","herb",9
"433","14-4387_2025","14-4387","Manning Park Project 2025",2025,"CML RNW",49.09144901,-120.773455,1950.674438,"High","EREMCAP","herb",7
"434","14-4387_2025","14-4387","Manning Park Project 2025",2025,"CML RNW",49.09144901,-120.773455,1950.674438,"High","LUPIARC","herb",0.75
"435","14-4387_2025","14-4387","Manning Park Project 2025",2025,"CML RNW",49.09144901,-120.773455,1950.674438,"High","POTEFLA","herb",0.05
"436","14-4387_2025","14-4387","Manning Park Project 2025",2025,"CML RNW",49.09144901,-120.773455,1950.674438,"High","PEDIRAC","herb",0.15
"437","14-4387_2025","14-4387","Manning Park Project 2025",2025,"CML RNW",49.09144901,-120.773455,1950.674438,"High","PEDIBRA","herb",0
"438","14-4387_2025","14-4387","Manning Park Project 2025",2025,"CML RNW",49.09144901,-120.773455,1950.674438,"High","CHAMANG","herb",0.15
"439","14-4387_Error","14-4387","Manning Park Project 2025",2025,"CML RNW",49.09100703,-120.772849,1954.005493,"High","ABIELAS","tree",12
"440","14-4387_Error","14-4387","Manning Park Project 2025",2025,"CML RNW",49.09100703,-120.772849,1954.005493,"High","PICEENG","tree",2.5
"441","14-4387_Error","14-4387","Manning Park Project 2025",2025,"CML RNW",49.09100703,-120.772849,1954.005493,"High","PINUALB","tree",3
"442","14-4387_Error","14-4387","Manning Park Project 2025",2025,"CML RNW",49.09100703,-120.772849,1954.005493,"High","PAXIMYR","shrub",14.5
"443","14-4387_Error","14-4387","Manning Park Project 2025",2025,"CML RNW",49.09100703,-120.772849,1954.005493,"High","JUNICOM","shrub",1
"444","14-4387_Error","14-4387","Manning Park Project 2025",2025,"CML RNW",49.09100703,-120.772849,1954.005493,"High","VACCSCO","shrub",11
"445","14-4387_Error","14-4387","Manning Park Project 2025",2025,"CML RNW",49.09100703,-120.772849,1954.005493,"High","SORBSCO","shrub",0
"446","14-4387_Error","14-4387","Manning Park Project 2025",2025,"CML RNW",49.09100703,-120.772849,1954.005493,"High","VACCDEL","shrub",0.5
"447","14-4387_Error","14-4387","Manning Park Project 2025",2025,"CML RNW",49.09100703,-120.772849,1954.005493,"High","PHLODIF","herb",4.5
"448","14-4387_Error","14-4387","Manning Park Project 2025",2025,"CML RNW",49.09100703,-120.772849,1954.005493,"High","PENSPRO","herb",0.4
"449","14-4387_Error","14-4387","Manning Park Project 2025",2025,"CML RNW",49.09100703,-120.772849,1954.005493,"High","EREMCAP","herb",2.5
"450","14-4387_Error","14-4387","Manning Park Project 2025",2025,"CML RNW",49.09100703,-120.772849,1954.005493,"High","ANTELAN","herb",0.2
"451","14-4387_Error","14-4387","Manning Park Project 2025",2025,"CML RNW",49.09100703,-120.772849,1954.005493,"High","ANTEROS","herb",0
"452","14-4387_Error","14-4387","Manning Park Project 2025",2025,"CML RNW",49.09100703,-120.772849,1954.005493,"High","ARNICOR","herb",1
"453","14-4387_Error","14-4387","Manning Park Project 2025",2025,"CML RNW",49.09100703,-120.772849,1954.005493,"High","ACHIMIL","herb",2
"454","14-4387_Error","14-4387","Manning Park Project 2025",2025,"CML RNW",49.09100703,-120.772849,1954.005493,"High","HIERALB","herb",0.3
"455","14-4387_Error","14-4387","Manning Park Project 2025",2025,"CML RNW",49.09100703,-120.772849,1954.005493,"High","PEDIRAC","herb",0.75
"456","14-4387_Error","14-4387","Manning Park Project 2025",2025,"CML RNW",49.09100703,-120.772849,1954.005493,"High","LUPIARC","herb",1.5
"457","14-4387_Error","14-4387","Manning Park Project 2025",2025,"CML RNW",49.09100703,-120.772849,1954.005493,"High","ARNIPAR","herb",1.1
"458","14-4387_Error","14-4387","Manning Park Project 2025",2025,"CML RNW",49.09100703,-120.772849,1954.005493,"High","PEDIBRA","herb",0.3
"459","14-4387_Error","14-4387","Manning Park Project 2025",2025,"CML RNW",49.09100703,-120.772849,1954.005493,"High","ARNILAT","herb",1
"460","14-4387_Error","14-4387","Manning Park Project 2025",2025,"CML RNW",49.09100703,-120.772849,1954.005493,"High","AGOSAUR","herb",0.05
"461","14-4387_Error","14-4387","Manning Park Project 2025",2025,"CML RNW",49.09100703,-120.772849,1954.005493,"High","CHAMANG","herb",0
"462","14-4387_Error","14-4387","Manning Park Project 2025",2025,"CML RNW",49.09100703,-120.772849,1954.005493,"High","VEROCUS","herb",1
"463","14-4387_Error","14-4387","Manning Park Project 2025",2025,"CML RNW",49.09100703,-120.772849,1954.005493,"High","ORTHSEC","herb",0.2
"464","14-4387_Error","14-4387","Manning Park Project 2025",2025,"CML RNW",49.09100703,-120.772849,1954.005493,"High","ANTERAC","herb",0.5
"465","14-4387_Error","14-4387","Manning Park Project 2025",2025,"CML RNW",49.09100703,-120.772849,1954.005493,"High","FRAGVIR","herb",0.15
"466","14-4387_Error","14-4387","Manning Park Project 2025",2025,"CML RNW",49.09100703,-120.772849,1954.005493,"High","ERYTGRA","herb",0.45
"467","14-4387_Error","14-4387","Manning Park Project 2025",2025,"CML RNW",49.09100703,-120.772849,1954.005493,"High","SILEPAR","herb",0.1
"468","14-4387_Error","14-4387","Manning Park Project 2025",2025,"CML RNW",49.09100703,-120.772849,1954.005493,"High","ERIOUMB","herb",0
"469","14-4388_2025","14-4388","Manning Park Project 2025",2025,"CML RNW",49.068998,-120.762014,1617.820679,"High","PSEUMEN","tree",22.5
"470","14-4388_2025","14-4388","Manning Park Project 2025",2025,"CML RNW",49.068998,-120.762014,1617.820679,"High","PINUCON","tree",2
"471","14-4388_2025","14-4388","Manning Park Project 2025",2025,"CML RNW",49.068998,-120.762014,1617.820679,"High","PAXIMYR","shrub",21
"472","14-4388_2025","14-4388","Manning Park Project 2025",2025,"CML RNW",49.068998,-120.762014,1617.820679,"High","SPIRLUC","shrub",6
"473","14-4388_2025","14-4388","Manning Park Project 2025",2025,"CML RNW",49.068998,-120.762014,1617.820679,"High","SORBSCO","shrub",0.5
"474","14-4388_2025","14-4388","Manning Park Project 2025",2025,"CML RNW",49.068998,-120.762014,1617.820679,"High","AMELALN","shrub",1.5
"475","14-4388_2025","14-4388","Manning Park Project 2025",2025,"CML RNW",49.068998,-120.762014,1617.820679,"High","ARCTUVA","shrub",4.5
"476","14-4388_2025","14-4388","Manning Park Project 2025",2025,"CML RNW",49.068998,-120.762014,1617.820679,"High","HOLODIS","shrub",0.5
"477","14-4388_2025","14-4388","Manning Park Project 2025",2025,"CML RNW",49.068998,-120.762014,1617.820679,"High","LONIUTA","shrub",2.1
"478","14-4388_2025","14-4388","Manning Park Project 2025",2025,"CML RNW",49.068998,-120.762014,1617.820679,"High","RIBEVIS","shrub",0
"479","14-4388_2025","14-4388","Manning Park Project 2025",2025,"CML RNW",49.068998,-120.762014,1617.820679,"High","VACCALA","shrub",0
"480","14-4388_2025","14-4388","Manning Park Project 2025",2025,"CML RNW",49.068998,-120.762014,1617.820679,"High","HIERALB","herb",0
"481","14-4388_2025","14-4388","Manning Park Project 2025",2025,"CML RNW",49.068998,-120.762014,1617.820679,"High","SYMPFOL","herb",0
"482","14-4388_2025","14-4388","Manning Park Project 2025",2025,"CML RNW",49.068998,-120.762014,1617.820679,"High","SEDULAN","herb",0.05
"483","14-4388_2025","14-4388","Manning Park Project 2025",2025,"CML RNW",49.068998,-120.762014,1617.820679,"High","ERYTGRA","herb",0.05
"484","14-4388_2025","14-4388","Manning Park Project 2025",2025,"CML RNW",49.068998,-120.762014,1617.820679,"High","GOODOBL","herb",0.05
"485","14-4388_2025","14-4388","Manning Park Project 2025",2025,"CML RNW",49.068998,-120.762014,1617.820679,"High","HIERUMB","herb",0.05
"486","14-4388_2025","14-4388","Manning Park Project 2025",2025,"CML RNW",49.068998,-120.762014,1617.820679,"High","MOEHMAC","herb",0.4
"487","14-4388_2025","14-4388","Manning Park Project 2025",2025,"CML RNW",49.068998,-120.762014,1617.820679,"High","PHLODIF","herb",0.25
"488","14-4388_2025","14-4388","Manning Park Project 2025",2025,"CML RNW",49.068998,-120.762014,1617.820679,"High","FRAGVIR","herb",0
"489","14-4388_2025","14-4388","Manning Park Project 2025",2025,"CML RNW",49.068998,-120.762014,1617.820679,"High","ACHIMIL","herb",0.15
"490","14-4388_Error","14-4388","Manning Park Project 2025",2025,"CML RNW",49.06877998,-120.761574,1621.842163,"High","PSEUMEN","tree",25.25
"491","14-4388_Error","14-4388","Manning Park Project 2025",2025,"CML RNW",49.06877998,-120.761574,1621.842163,"High","ABIELAS","tree",0
"492","14-4388_Error","14-4388","Manning Park Project 2025",2025,"CML RNW",49.06877998,-120.761574,1621.842163,"High","PAXIMYR","shrub",16
"493","14-4388_Error","14-4388","Manning Park Project 2025",2025,"CML RNW",49.06877998,-120.761574,1621.842163,"High","SPIRLUC","shrub",5
"494","14-4388_Error","14-4388","Manning Park Project 2025",2025,"CML RNW",49.06877998,-120.761574,1621.842163,"High","CEANVEL","shrub",2.5
"495","14-4388_Error","14-4388","Manning Park Project 2025",2025,"CML RNW",49.06877998,-120.761574,1621.842163,"High","HOLODIS","shrub",0
"496","14-4388_Error","14-4388","Manning Park Project 2025",2025,"CML RNW",49.06877998,-120.761574,1621.842163,"High","AMELALN","shrub",6
"497","14-4388_Error","14-4388","Manning Park Project 2025",2025,"CML RNW",49.06877998,-120.761574,1621.842163,"High","JUNICOM","shrub",0.5
"498","14-4388_Error","14-4388","Manning Park Project 2025",2025,"CML RNW",49.06877998,-120.761574,1621.842163,"High","VACCSCO","shrub",0
"499","14-4388_Error","14-4388","Manning Park Project 2025",2025,"CML RNW",49.06877998,-120.761574,1621.842163,"High","ARCTUVA","shrub",2.7
"500","14-4388_Error","14-4388","Manning Park Project 2025",2025,"CML RNW",49.06877998,-120.761574,1621.842163,"High","MAHOAQU","shrub",0
"501","14-4388_Error","14-4388","Manning Park Project 2025",2025,"CML RNW",49.06877998,-120.761574,1621.842163,"High","SORBSCO","shrub",0.2
"502","14-4388_Error","14-4388","Manning Park Project 2025",2025,"CML RNW",49.06877998,-120.761574,1621.842163,"High","VACCMEM","shrub",0.5
"503","14-4388_Error","14-4388","Manning Park Project 2025",2025,"CML RNW",49.06877998,-120.761574,1621.842163,"High","LONIUTA","shrub",1
"504","14-4388_Error","14-4388","Manning Park Project 2025",2025,"CML RNW",49.06877998,-120.761574,1621.842163,"High","ACHIMIL","herb",0.65
"505","14-4388_Error","14-4388","Manning Park Project 2025",2025,"CML RNW",49.06877998,-120.761574,1621.842163,"High","SYMPFOL","herb",0.9
"506","14-4388_Error","14-4388","Manning Park Project 2025",2025,"CML RNW",49.06877998,-120.761574,1621.842163,"High","CHAMANG","herb",0.25
"507","14-4388_Error","14-4388","Manning Park Project 2025",2025,"CML RNW",49.06877998,-120.761574,1621.842163,"High","EREMCAP","herb",0.35
"508","14-4388_Error","14-4388","Manning Park Project 2025",2025,"CML RNW",49.06877998,-120.761574,1621.842163,"High","HIERALB","herb",0.25
"509","14-4388_Error","14-4388","Manning Park Project 2025",2025,"CML RNW",49.06877998,-120.761574,1621.842163,"High","HIERUMB","herb",0.15
"510","14-4388_Error","14-4388","Manning Park Project 2025",2025,"CML RNW",49.06877998,-120.761574,1621.842163,"High","ERIOUMB","herb",1
"511","14-4388_Error","14-4388","Manning Park Project 2025",2025,"CML RNW",49.06877998,-120.761574,1621.842163,"High","PENSFRU","herb",0.15
"512","14-4388_Error","14-4388","Manning Park Project 2025",2025,"CML RNW",49.06877998,-120.761574,1621.842163,"High","MOEHMAC","herb",0.35
"513","14-4388_Error","14-4388","Manning Park Project 2025",2025,"CML RNW",49.06877998,-120.761574,1621.842163,"High","GOODOBL","herb",0.35
"514","14-4388_Error","14-4388","Manning Park Project 2025",2025,"CML RNW",49.06877998,-120.761574,1621.842163,"High","ERYTGRA","herb",0.05
