"","PlotNumber","Site","ProjectID","Year","SiteSurveyor","Longitude","Latitude","Elevation","Species","Functional_group","Cover"
"1","02-3085_2019","02-3085","BC Parks Manning TEM",2019,"HAK EAC",-120.7638931,49.14056015,2044,"ANTELAN","herb",8
"2","02-3085_2019","02-3085","BC Parks Manning TEM",2019,"HAK EAC",-120.7638931,49.14056015,2044,"ERIGGLA","herb",0.100000001
"3","02-3085_2019","02-3085","BC Parks Manning TEM",2019,"HAK EAC",-120.7638931,49.14056015,2044,"SILEPAR","herb",0.5
"4","02-3085_2019","02-3085","BC Parks Manning TEM",2019,"HAK EAC",-120.7638931,49.14056015,2044,"PINUALB","tree",2
"5","02-3085_2019","02-3085","BC Parks Manning TEM",2019,"HAK EAC",-120.7638931,49.14056015,2044,"LUPIARC","herb",2
"6","02-3085_2019","02-3085","BC Parks Manning TEM",2019,"HAK EAC",-120.7638931,49.14056015,2044,"HIERGRA","herb",0.5
"7","02-3085_2019","02-3085","BC Parks Manning TEM",2019,"HAK EAC",-120.7638931,49.14056015,2044,"PHLODIF","herb",0.100000001
"8","02-3085_2019","02-3085","BC Parks Manning TEM",2019,"HAK EAC",-120.7638931,49.14056015,2044,"LUETPEC","shrub",4
"9","02-3085_2019","02-3085","BC Parks Manning TEM",2019,"HAK EAC",-120.7638931,49.14056015,2044,"VACCCAE","shrub",20
"10","02-3085_2019","02-3085","BC Parks Manning TEM",2019,"HAK EAC",-120.7638931,49.14056015,2044,"LUPILEP","herb",0.100000001
"11","02-3085_2019","02-3085","BC Parks Manning TEM",2019,"HAK EAC",-120.7638931,49.14056015,2044,"VACCSCO","shrub",10
"12","02-3085_2019","02-3085","BC Parks Manning TEM",2019,"HAK EAC",-120.7638931,49.14056015,2044,"PULSOCC","herb",0.100000001
"13","02-3085_2019","02-3085","BC Parks Manning TEM",2019,"HAK EAC",-120.7638931,49.14056015,2044,"PEDIBRA","herb",0.5
"14","02-3085_2019","02-3085","BC Parks Manning TEM",2019,"HAK EAC",-120.7638931,49.14056015,2044,"ABIELAS","tree",31
"15","02-3085_2019","02-3085","BC Parks Manning TEM",2019,"HAK EAC",-120.7638931,49.14056015,2044,"POTEFLA","herb",0.5
"16","02-3085_2019","02-3085","BC Parks Manning TEM",2019,"HAK EAC",-120.7638931,49.14056015,2044,"PICEENG","tree",6
"17","02-3085_2019","02-3085","BC Parks Manning TEM",2019,"HAK EAC",-120.7638931,49.14056015,2044,"VACCMEM","shrub",5
"18","02-3085_2019","02-3085","BC Parks Manning TEM",2019,"HAK EAC",-120.7638931,49.14056015,2044,"EREMCAP","herb",7
"19","02-3085_2019","02-3085","BC Parks Manning TEM",2019,"HAK EAC",-120.7638931,49.14056015,2044,"VACCDEL","shrub",15
"20","02-3085_2019","02-3085","BC Parks Manning TEM",2019,"HAK EAC",-120.7638931,49.14056015,2044,"ARNILAT","herb",2
"21","02-3089_2019","02-3089","BC Parks Manning TEM",2019,"HAK EAC GH",-120.7567673,49.14989852,2136,"LUPILEP","herb",0.100000001
"22","02-3089_2019","02-3089","BC Parks Manning TEM",2019,"HAK EAC GH",-120.7567673,49.14989852,2136,"VEROCUS","herb",5
"23","02-3089_2019","02-3089","BC Parks Manning TEM",2019,"HAK EAC GH",-120.7567673,49.14989852,2136,"EREMCAP","herb",5
"24","02-3089_2019","02-3089","BC Parks Manning TEM",2019,"HAK EAC GH",-120.7567673,49.14989852,2136,"PHYLEMP","shrub",8
"25","02-3089_2019","02-3089","BC Parks Manning TEM",2019,"HAK EAC GH",-120.7567673,49.14989852,2136,"ERIGGLA","herb",0.100000001
"26","02-3089_2019","02-3089","BC Parks Manning TEM",2019,"HAK EAC GH",-120.7567673,49.14989852,2136,"LUETPEC","shrub",10
"27","02-3089_2019","02-3089","BC Parks Manning TEM",2019,"HAK EAC GH",-120.7567673,49.14989852,2136,"PENSDAV","shrub",1
"28","02-3089_2019","02-3089","BC Parks Manning TEM",2019,"HAK EAC GH",-120.7567673,49.14989852,2136,"ERIGAUR","herb",0.100000001
"29","02-3089_2019","02-3089","BC Parks Manning TEM",2019,"HAK EAC GH",-120.7567673,49.14989852,2136,"LUPIARC","herb",1
"30","02-3089_2019","02-3089","BC Parks Manning TEM",2019,"HAK EAC GH",-120.7567673,49.14989852,2136,"JUNICOM","shrub",2
"31","02-3089_2019","02-3089","BC Parks Manning TEM",2019,"HAK EAC GH",-120.7567673,49.14989852,2136,"VACCSCO","shrub",5
"32","02-3089_2019","02-3089","BC Parks Manning TEM",2019,"HAK EAC GH",-120.7567673,49.14989852,2136,"CASTMIN","herb",0.5
"33","02-3089_2019","02-3089","BC Parks Manning TEM",2019,"HAK EAC GH",-120.7567673,49.14989852,2136,"ABIELAS","tree",27
"34","02-3089_2019","02-3089","BC Parks Manning TEM",2019,"HAK EAC GH",-120.7567673,49.14989852,2136,"HIERGRA","herb",0.5
"35","02-3089_2019","02-3089","BC Parks Manning TEM",2019,"HAK EAC GH",-120.7567673,49.14989852,2136,"PINUALB","tree",1
"36","02-3089_2019","02-3089","BC Parks Manning TEM",2019,"HAK EAC GH",-120.7567673,49.14989852,2136,"ANTELAN","herb",8
"37","02-3089_2019","02-3089","BC Parks Manning TEM",2019,"HAK EAC GH",-120.7567673,49.14989852,2136,"CASSMER","shrub",25
"38","02-3089_2019","02-3089","BC Parks Manning TEM",2019,"HAK EAC GH",-120.7567673,49.14989852,2136,"CASTPAR","herb",0.5
"39","02-3089_2019","02-3089","BC Parks Manning TEM",2019,"HAK EAC GH",-120.7567673,49.14989852,2136,"ARNILAT","herb",2
"40","12-2000_2019","12-2000","BC Parks Manning TEM",2019,"EAC HAK GH",-120.7637634,49.13544082,1954,"PECTBRE","herb",0.5
"41","12-2000_2019","12-2000","BC Parks Manning TEM",2019,"EAC HAK GH",-120.7637634,49.13544082,1954,"PICEENG","tree",48
"42","12-2000_2019","12-2000","BC Parks Manning TEM",2019,"EAC HAK GH",-120.7637634,49.13544082,1954,"THALOCC","herb",2
"43","12-2000_2019","12-2000","BC Parks Manning TEM",2019,"EAC HAK GH",-120.7637634,49.13544082,1954,"ERIGGLA","herb",1
"44","12-2000_2019","12-2000","BC Parks Manning TEM",2019,"EAC HAK GH",-120.7637634,49.13544082,1954,"VACCSCO","shrub",3
"45","12-2000_2019","12-2000","BC Parks Manning TEM",2019,"EAC HAK GH",-120.7637634,49.13544082,1954,"PULSOCC","herb",1
"46","12-2000_2019","12-2000","BC Parks Manning TEM",2019,"EAC HAK GH",-120.7637634,49.13544082,1954,"VACCMEM","shrub",1
"47","12-2000_2019","12-2000","BC Parks Manning TEM",2019,"EAC HAK GH",-120.7637634,49.13544082,1954,"TROLALB","herb",3
"48","12-2000_2019","12-2000","BC Parks Manning TEM",2019,"EAC HAK GH",-120.7637634,49.13544082,1954,"VALESIT","herb",60
"49","12-2000_2019","12-2000","BC Parks Manning TEM",2019,"EAC HAK GH",-120.7637634,49.13544082,1954,"EPILGLA","herb",0.100000001
"50","12-2000_2019","12-2000","BC Parks Manning TEM",2019,"EAC HAK GH",-120.7637634,49.13544082,1954,"ABIELAS","tree",40
"51","12-2000_2019","12-2000","BC Parks Manning TEM",2019,"EAC HAK GH",-120.7637634,49.13544082,1954,"LUPIARC","herb",2
"52","12-2000_2019","12-2000","BC Parks Manning TEM",2019,"EAC HAK GH",-120.7637634,49.13544082,1954,"PEDIBRA","herb",1
"53","12-2000_2019","12-2000","BC Parks Manning TEM",2019,"EAC HAK GH",-120.7637634,49.13544082,1954,"VERAVIR","herb",8
"54","12-2000_2019","12-2000","BC Parks Manning TEM",2019,"EAC HAK GH",-120.7637634,49.13544082,1954,"POTEFLA","herb",4
"55","12-2000_2019","12-2000","BC Parks Manning TEM",2019,"EAC HAK GH",-120.7637634,49.13544082,1954,"PEDIRAC","herb",4
"56","12-2000_2019","12-2000","BC Parks Manning TEM",2019,"EAC HAK GH",-120.7637634,49.13544082,1954,"ARNILAT","herb",1
"57","14-4311_2019","14-4311","BC Parks Manning TEM",2019,"GH EAC MM",-120.7260895,49.05760955,1129,"ROSAACI","shrub",8
"58","14-4311_2019","14-4311","BC Parks Manning TEM",2019,"GH EAC MM",-120.7260895,49.05760955,1129,"CANAMOD","herb",4
"59","14-4311_2019","14-4311","BC Parks Manning TEM",2019,"GH EAC MM",-120.7260895,49.05760955,1129,"ALNUINC","tree",29
"60","14-4311_2019","14-4311","BC Parks Manning TEM",2019,"GH EAC MM",-120.7260895,49.05760955,1129,"ANGEGEN","herb",1
"61","14-4311_2019","14-4311","BC Parks Manning TEM",2019,"GH EAC MM",-120.7260895,49.05760955,1129,"MONEUNI","herb",1
"62","14-4311_2019","14-4311","BC Parks Manning TEM",2019,"GH EAC MM",-120.7260895,49.05760955,1129,"CORNSER","shrub",12
"63","14-4311_2019","14-4311","BC Parks Manning TEM",2019,"GH EAC MM",-120.7260895,49.05760955,1129,"CORNCAN","herb",3
"64","14-4311_2019","14-4311","BC Parks Manning TEM",2019,"GH EAC MM",-120.7260895,49.05760955,1129,"PYROASA","herb",0.5
"65","14-4311_2019","14-4311","BC Parks Manning TEM",2019,"GH EAC MM",-120.7260895,49.05760955,1129,"ACHIMIL","herb",0.5
"66","14-4311_2019","14-4311","BC Parks Manning TEM",2019,"GH EAC MM",-120.7260895,49.05760955,1129,"CLINUNI","herb",5
"67","14-4311_2019","14-4311","BC Parks Manning TEM",2019,"GH EAC MM",-120.7260895,49.05760955,1129,"ARNILAT","herb",1
"68","14-4311_2019","14-4311","BC Parks Manning TEM",2019,"GH EAC MM",-120.7260895,49.05760955,1129,"RIBELAC","shrub",1
"69","14-4311_2019","14-4311","BC Parks Manning TEM",2019,"GH EAC MM",-120.7260895,49.05760955,1129,"MAIARAC","herb",4
"70","14-4311_2019","14-4311","BC Parks Manning TEM",2019,"GH EAC MM",-120.7260895,49.05760955,1129,"MAIASTE","herb",5
"71","14-4311_2019","14-4311","BC Parks Manning TEM",2019,"GH EAC MM",-120.7260895,49.05760955,1129,"ORTHSEC","herb",1
"72","14-4311_2019","14-4311","BC Parks Manning TEM",2019,"GH EAC MM",-120.7260895,49.05760955,1129,"OSMOPUR","herb",2
"73","14-4311_2019","14-4311","BC Parks Manning TEM",2019,"GH EAC MM",-120.7260895,49.05760955,1129,"ASTRALP","herb",0.200000003
"74","14-4311_2019","14-4311","BC Parks Manning TEM",2019,"GH EAC MM",-120.7260895,49.05760955,1129,"LEUCVUL","herb",0.100000001
"75","14-4311_2019","14-4311","BC Parks Manning TEM",2019,"GH EAC MM",-120.7260895,49.05760955,1129,"THALOCC","herb",2
"76","14-4311_2019","14-4311","BC Parks Manning TEM",2019,"GH EAC MM",-120.7260895,49.05760955,1129,"ABIELAS","tree",5
"77","14-4311_2019","14-4311","BC Parks Manning TEM",2019,"GH EAC MM",-120.7260895,49.05760955,1129,"EQUIARV","herb",8
"78","14-4311_2019","14-4311","BC Parks Manning TEM",2019,"GH EAC MM",-120.7260895,49.05760955,1129,"ACTARUB","herb",0.100000001
"79","14-4311_2019","14-4311","BC Parks Manning TEM",2019,"GH EAC MM",-120.7260895,49.05760955,1129,"GALIAPA","herb",0.5
"80","14-4311_2019","14-4311","BC Parks Manning TEM",2019,"GH EAC MM",-120.7260895,49.05760955,1129,"STREAMP","herb",1
"81","14-4311_2019","14-4311","BC Parks Manning TEM",2019,"GH EAC MM",-120.7260895,49.05760955,1129,"SALIDIS","tree",1
"82","14-4311_2019","14-4311","BC Parks Manning TEM",2019,"GH EAC MM",-120.7260895,49.05760955,1129,"VIBUEDU","shrub",1
"83","14-4311_2019","14-4311","BC Parks Manning TEM",2019,"GH EAC MM",-120.7260895,49.05760955,1129,"PICEENG","tree",54
"84","14-4311_2019","14-4311","BC Parks Manning TEM",2019,"GH EAC MM",-120.7260895,49.05760955,1129,"HERAMAX","herb",0.5
"85","14-4311_2019","14-4311","BC Parks Manning TEM",2019,"GH EAC MM",-120.7260895,49.05760955,1129,"POPUTRI","tree",15
"86","14-4311_2019","14-4311","BC Parks Manning TEM",2019,"GH EAC MM",-120.7260895,49.05760955,1129,"LONIINV","shrub",2
"87","14-4316_2019","14-4316","BC Parks Manning TEM",2019,"GKH EAC",-120.7646866,49.03958129,1558,"VERAVIR","herb",7
"88","14-4316_2019","14-4316","BC Parks Manning TEM",2019,"GKH EAC",-120.7646866,49.03958129,1558,"DACTVIR","herb",2
"89","14-4316_2019","14-4316","BC Parks Manning TEM",2019,"GKH EAC",-120.7646866,49.03958129,1558,"CALTLEP","herb",3
"90","14-4316_2019","14-4316","BC Parks Manning TEM",2019,"GKH EAC",-120.7646866,49.03958129,1558,"ABIELAS","tree",49
"91","14-4316_2019","14-4316","BC Parks Manning TEM",2019,"GKH EAC",-120.7646866,49.03958129,1558,"TROLALB","herb",18
"92","14-4316_2019","14-4316","BC Parks Manning TEM",2019,"GKH EAC",-120.7646866,49.03958129,1558,"MICRODO","herb",15
"93","14-4316_2019","14-4316","BC Parks Manning TEM",2019,"GKH EAC",-120.7646866,49.03958129,1558,"SENETRI","herb",8
"94","14-4316_2019","14-4316","BC Parks Manning TEM",2019,"GKH EAC",-120.7646866,49.03958129,1558,"CHAMANG","herb",1
"95","14-4316_2019","14-4316","BC Parks Manning TEM",2019,"GKH EAC",-120.7646866,49.03958129,1558,"RUBUPAR","shrub",2
"96","14-4316_2019","14-4316","BC Parks Manning TEM",2019,"GKH EAC",-120.7646866,49.03958129,1558,"TIARTRI","herb",2
"97","14-4316_2019","14-4316","BC Parks Manning TEM",2019,"GKH EAC",-120.7646866,49.03958129,1558,"STREAMP","herb",2
"98","14-4316_2019","14-4316","BC Parks Manning TEM",2019,"GKH EAC",-120.7646866,49.03958129,1558,"RIBELAC","shrub",4
"99","14-4316_2019","14-4316","BC Parks Manning TEM",2019,"GKH EAC",-120.7646866,49.03958129,1558,"PICEENG","tree",17
"100","14-4316_2019","14-4316","BC Parks Manning TEM",2019,"GKH EAC",-120.7646866,49.03958129,1558,"ANTIOCC","herb",0.5
"101","14-4316_2019","14-4316","BC Parks Manning TEM",2019,"GKH EAC",-120.7646866,49.03958129,1558,"VACCMEM","shrub",8
"102","14-4316_2019","14-4316","BC Parks Manning TEM",2019,"GKH EAC",-120.7646866,49.03958129,1558,"VALESIT","herb",45
"103","14-4316_2019","14-4316","BC Parks Manning TEM",2019,"GKH EAC",-120.7646866,49.03958129,1558,"STRELAN","herb",1
"104","14-4316_2019","14-4316","BC Parks Manning TEM",2019,"GKH EAC",-120.7646866,49.03958129,1558,"LONIINV","shrub",3
"105","14-4316_2019","14-4316","BC Parks Manning TEM",2019,"GKH EAC",-120.7646866,49.03958129,1558,"EQUIARV","herb",30
"106","14-4316_2019","14-4316","BC Parks Manning TEM",2019,"GKH EAC",-120.7646866,49.03958129,1558,"RUBUPED","herb",4
"107","14-4316_2019","14-4316","BC Parks Manning TEM",2019,"GKH EAC",-120.7646866,49.03958129,1558,"ERIGGLA","herb",30
"108","14-4316_2019","14-4316","BC Parks Manning TEM",2019,"GKH EAC",-120.7646866,49.03958129,1558,"ANGEGEN","herb",3
"109","14-4316_2019","14-4316","BC Parks Manning TEM",2019,"GKH EAC",-120.7646866,49.03958129,1558,"LONIUTA","shrub",1
"110","14-4316_2019","14-4316","BC Parks Manning TEM",2019,"GKH EAC",-120.7646866,49.03958129,1558,"RHODALB","shrub",9
"111","14-4316_2019","14-4316","BC Parks Manning TEM",2019,"GKH EAC",-120.7646866,49.03958129,1558,"ACONDEL","herb",1
"112","14-4316_2019","14-4316","BC Parks Manning TEM",2019,"GKH EAC",-120.7646866,49.03958129,1558,"ARNILAT","herb",7
"113","14-4316_2019","14-4316","BC Parks Manning TEM",2019,"GKH EAC",-120.7646866,49.03958129,1558,"HERAMAX","herb",0.5
"114","14-4316_2019","14-4316","BC Parks Manning TEM",2019,"GKH EAC",-120.7646866,49.03958129,1558,"THALOCC","herb",4
"115","14-4316_2019","14-4316","BC Parks Manning TEM",2019,"GKH EAC",-120.7646866,49.03958129,1558,"OSMOPUR","herb",0.100000001
"116","14-4316_2019","14-4316","BC Parks Manning TEM",2019,"GKH EAC",-120.7646866,49.03958129,1558,"LEPTPYR","herb",2
"117","14-4316_2019","14-4316","BC Parks Manning TEM",2019,"GKH EAC",-120.7646866,49.03958129,1558,"PARNFIM","herb",10
"118","14-4316_2019","14-4316","BC Parks Manning TEM",2019,"GKH EAC",-120.7646866,49.03958129,1558,"PECTPET","herb",10
"119","14-4317_2019","14-4317","BC Parks Manning TEM",2019,"GKH EAC",-120.7647095,49.04946899,1536,"PAXIMYR","shrub",30
"120","14-4317_2019","14-4317","BC Parks Manning TEM",2019,"GKH EAC",-120.7647095,49.04946899,1536,"VACCMEM","shrub",10
"121","14-4317_2019","14-4317","BC Parks Manning TEM",2019,"GKH EAC",-120.7647095,49.04946899,1536,"PICEENG","tree",23
"122","14-4317_2019","14-4317","BC Parks Manning TEM",2019,"GKH EAC",-120.7647095,49.04946899,1536,"LUPIARC","herb",7
"123","14-4317_2019","14-4317","BC Parks Manning TEM",2019,"GKH EAC",-120.7647095,49.04946899,1536,"ABIEAMA","tree",2
"124","14-4317_2019","14-4317","BC Parks Manning TEM",2019,"GKH EAC",-120.7647095,49.04946899,1536,"ORTHSEC","herb",4
"125","14-4317_2019","14-4317","BC Parks Manning TEM",2019,"GKH EAC",-120.7647095,49.04946899,1536,"HIERSCO","herb",1
"126","14-4317_2019","14-4317","BC Parks Manning TEM",2019,"GKH EAC",-120.7647095,49.04946899,1536,"ABIELAS","tree",29
"127","14-4317_2019","14-4317","BC Parks Manning TEM",2019,"GKH EAC",-120.7647095,49.04946899,1536,"VALESIT","herb",2
"128","14-4317_2019","14-4317","BC Parks Manning TEM",2019,"GKH EAC",-120.7647095,49.04946899,1536,"RHODALB","shrub",5
"129","14-4317_2019","14-4317","BC Parks Manning TEM",2019,"GKH EAC",-120.7647095,49.04946899,1536,"TSUGHET","tree",3
"130","14-4317_2019","14-4317","BC Parks Manning TEM",2019,"GKH EAC",-120.7647095,49.04946899,1536,"SPIRLUC","shrub",3
"131","14-4317_2019","14-4317","BC Parks Manning TEM",2019,"GKH EAC",-120.7647095,49.04946899,1536,"SORBSCO","shrub",1
"132","14-4317_2019","14-4317","BC Parks Manning TEM",2019,"GKH EAC",-120.7647095,49.04946899,1536,"EUCEENG","herb",3
"133","14-4317_2019","14-4317","BC Parks Manning TEM",2019,"GKH EAC",-120.7647095,49.04946899,1536,"PEDIRAC","herb",1
"134","14-4317_2019","14-4317","BC Parks Manning TEM",2019,"GKH EAC",-120.7647095,49.04946899,1536,"VACCSCO","shrub",30
"135","14-4317_2019","14-4317","BC Parks Manning TEM",2019,"GKH EAC",-120.7647095,49.04946899,1536,"LONIUTA","shrub",3
"136","14-4317_2019","14-4317","BC Parks Manning TEM",2019,"GKH EAC",-120.7647095,49.04946899,1536,"AMELALN","shrub",2
"137","14-4317_2019","14-4317","BC Parks Manning TEM",2019,"GKH EAC",-120.7647095,49.04946899,1536,"PSEUMEN","tree",25
"138","14-4317_2019","14-4317","BC Parks Manning TEM",2019,"GKH EAC",-120.7647095,49.04946899,1536,"ARNICOR","herb",1
"139","14-4317_2019","14-4317","BC Parks Manning TEM",2019,"GKH EAC",-120.7647095,49.04946899,1536,"PINUCON","tree",3
"140","14-4317_2019","14-4317","BC Parks Manning TEM",2019,"GKH EAC",-120.7647095,49.04946899,1536,"GOODOBL","herb",1
"141","14-4320_2019","14-4320","BC Parks Manning TEM",2019,"DSF EAC GH",-120.7710724,49.07690048,1815,"LOMAMAC","herb",0.5
"142","14-4320_2019","14-4320","BC Parks Manning TEM",2019,"DSF EAC GH",-120.7710724,49.07690048,1815,"ERIOHER","herb",1
"143","14-4320_2019","14-4320","BC Parks Manning TEM",2019,"DSF EAC GH",-120.7710724,49.07690048,1815,"ERIGCOM","herb",1
"144","14-4320_2019","14-4320","BC Parks Manning TEM",2019,"DSF EAC GH",-120.7710724,49.07690048,1815,"SELASCO","herb",0.100000001
"145","14-4320_2019","14-4320","BC Parks Manning TEM",2019,"DSF EAC GH",-120.7710724,49.07690048,1815,"POLEPUL","herb",0.5
"146","14-4320_2019","14-4320","BC Parks Manning TEM",2019,"DSF EAC GH",-120.7710724,49.07690048,1815,"HEUCCYL","herb",1
"147","14-4320_2019","14-4320","BC Parks Manning TEM",2019,"DSF EAC GH",-120.7710724,49.07690048,1815,"JUNICOM","shrub",2
"148","14-4320_2019","14-4320","BC Parks Manning TEM",2019,"DSF EAC GH",-120.7710724,49.07690048,1815,"PACKCAN","herb",0.100000001
"149","14-4320_2019","14-4320","BC Parks Manning TEM",2019,"DSF EAC GH",-120.7710724,49.07690048,1815,"SAXIAUS","herb",1
"150","14-4320_2019","14-4320","BC Parks Manning TEM",2019,"DSF EAC GH",-120.7710724,49.07690048,1815,"PENSFRU","herb",2
"151","14-4320_2019","14-4320","BC Parks Manning TEM",2019,"DSF EAC GH",-120.7710724,49.07690048,1815,"HIERSCO","herb",0.5
"152","14-4320_2019","14-4320","BC Parks Manning TEM",2019,"DSF EAC GH",-120.7710724,49.07690048,1815,"SEDUDIV","herb",1
"153","14-4320_2019","14-4320","BC Parks Manning TEM",2019,"DSF EAC GH",-120.7710724,49.07690048,1815,"PHLODIF","herb",0.5
"154","14-4320_2019","14-4320","BC Parks Manning TEM",2019,"DSF EAC GH",-120.7710724,49.07690048,1815,"ARCTUVA","shrub",1
"155","14-4320_2019","14-4320","BC Parks Manning TEM",2019,"DSF EAC GH",-120.7710724,49.07690048,1815,"SEDULAN","herb",2
"156","14-4320_2019","14-4320","BC Parks Manning TEM",2019,"DSF EAC GH",-120.7710724,49.07690048,1815,"EREMCAP","herb",1
"157","14-4320_2019","14-4320","BC Parks Manning TEM",2019,"DSF EAC GH",-120.7710724,49.07690048,1815,"SILEINV","herb",0.100000001
"158","14-4386_2019","14-4386","BC Parks Manning TEM",2019,"WHM EAC RJC BDH",-120.7596817,49.10020828,2009,"SELASCO","herb",0.200000003
"159","14-4386_2019","14-4386","BC Parks Manning TEM",2019,"WHM EAC RJC BDH",-120.7596817,49.10020828,2009,"PEDIRAC","herb",0.100000001
"160","14-4386_2019","14-4386","BC Parks Manning TEM",2019,"WHM EAC RJC BDH",-120.7596817,49.10020828,2009,"SILEPAR","herb",0.5
"161","14-4386_2019","14-4386","BC Parks Manning TEM",2019,"WHM EAC RJC BDH",-120.7596817,49.10020828,2009,"LUPIARC","herb",0.5
"162","14-4386_2019","14-4386","BC Parks Manning TEM",2019,"WHM EAC RJC BDH",-120.7596817,49.10020828,2009,"ABIELAS","tree",6
"163","14-4386_2019","14-4386","BC Parks Manning TEM",2019,"WHM EAC RJC BDH",-120.7596817,49.10020828,2009,"VACCSCO","shrub",3
"164","14-4386_2019","14-4386","BC Parks Manning TEM",2019,"WHM EAC RJC BDH",-120.7596817,49.10020828,2009,"AGOSAUR","herb",0.100000001
"165","14-4386_2019","14-4386","BC Parks Manning TEM",2019,"WHM EAC RJC BDH",-120.7596817,49.10020828,2009,"PHLODIF","herb",5
"166","14-4386_2019","14-4386","BC Parks Manning TEM",2019,"WHM EAC RJC BDH",-120.7596817,49.10020828,2009,"ARNIPAR","herb",1
"167","14-4386_2019","14-4386","BC Parks Manning TEM",2019,"WHM EAC RJC BDH",-120.7596817,49.10020828,2009,"VALESIT","herb",1
"168","14-4386_2019","14-4386","BC Parks Manning TEM",2019,"WHM EAC RJC BDH",-120.7596817,49.10020828,2009,"SEDULAN","herb",0.100000001
"169","14-4386_2019","14-4386","BC Parks Manning TEM",2019,"WHM EAC RJC BDH",-120.7596817,49.10020828,2009,"CLAYLAN","herb",0.100000001
"170","14-4386_2019","14-4386","BC Parks Manning TEM",2019,"WHM EAC RJC BDH",-120.7596817,49.10020828,2009,"VEROCUS","herb",0.100000001
"171","14-4386_2019","14-4386","BC Parks Manning TEM",2019,"WHM EAC RJC BDH",-120.7596817,49.10020828,2009,"PINUALB","tree",9
"172","14-4386_2019","14-4386","BC Parks Manning TEM",2019,"WHM EAC RJC BDH",-120.7596817,49.10020828,2009,"EREMCAP","herb",12
"173","14-4386_2019","14-4386","BC Parks Manning TEM",2019,"WHM EAC RJC BDH",-120.7596817,49.10020828,2009,"ANTELAN","herb",1
"174","14-4386_2019","14-4386","BC Parks Manning TEM",2019,"WHM EAC RJC BDH",-120.7596817,49.10020828,2009,"PENSPRO","herb",0.5
"175","14-4386_2019","14-4386","BC Parks Manning TEM",2019,"WHM EAC RJC BDH",-120.7596817,49.10020828,2009,"ERIGGLA","herb",0.200000003
"176","14-4386_2019","14-4386","BC Parks Manning TEM",2019,"WHM EAC RJC BDH",-120.7596817,49.10020828,2009,"ACHIMIL","herb",1
"177","14-4386_2019","14-4386","BC Parks Manning TEM",2019,"WHM EAC RJC BDH",-120.7596817,49.10020828,2009,"HIERUMB","herb",0.5
"178","14-4386_2019","14-4386","BC Parks Manning TEM",2019,"WHM EAC RJC BDH",-120.7596817,49.10020828,2009,"FRAGVIR","herb",0.200000003
"179","14-4386_2019","14-4386","BC Parks Manning TEM",2019,"WHM EAC RJC BDH",-120.7596817,49.10020828,2009,"CASTMIN","herb",1
"180","14-4386_2019","14-4386","BC Parks Manning TEM",2019,"WHM EAC RJC BDH",-120.7596817,49.10020828,2009,"SENEINT","herb",3
"181","14-4386_2019","14-4386","BC Parks Manning TEM",2019,"WHM EAC RJC BDH",-120.7596817,49.10020828,2009,"POTEGLU","herb",0.100000001
"182","14-4386_2019","14-4386","BC Parks Manning TEM",2019,"WHM EAC RJC BDH",-120.7596817,49.10020828,2009,"PULSOCC","herb",2
"183","14-4386_2019","14-4386","BC Parks Manning TEM",2019,"WHM EAC RJC BDH",-120.7596817,49.10020828,2009,"EUCEENG","herb",0.200000003
"184","14-4386_2019","14-4386","BC Parks Manning TEM",2019,"WHM EAC RJC BDH",-120.7596817,49.10020828,2009,"POLYMIN","herb",0.200000003
"185","14-4386_2019","14-4386","BC Parks Manning TEM",2019,"WHM EAC RJC BDH",-120.7596817,49.10020828,2009,"PAXIMYR","shrub",0.5
"186","14-4386_2019","14-4386","BC Parks Manning TEM",2019,"WHM EAC RJC BDH",-120.7596817,49.10020828,2009,"AGOSGLA","herb",0.200000003
"187","14-4387_2019","14-4387","BC Parks Manning TEM",2019,"WHM EAC BDH RJC",-120.7733994,49.09149169,1955,"ANTELAN","herb",1
"188","14-4387_2019","14-4387","BC Parks Manning TEM",2019,"WHM EAC BDH RJC",-120.7733994,49.09149169,1955,"EREMCAP","herb",5
"189","14-4387_2019","14-4387","BC Parks Manning TEM",2019,"WHM EAC BDH RJC",-120.7733994,49.09149169,1955,"BOECSTR","herb",0.100000001
"190","14-4387_2019","14-4387","BC Parks Manning TEM",2019,"WHM EAC BDH RJC",-120.7733994,49.09149169,1955,"LOMADIS","herb",0.100000001
"191","14-4387_2019","14-4387","BC Parks Manning TEM",2019,"WHM EAC BDH RJC",-120.7733994,49.09149169,1955,"SELASCO","herb",8
"192","14-4387_2019","14-4387","BC Parks Manning TEM",2019,"WHM EAC BDH RJC",-120.7733994,49.09149169,1955,"JUNICOM","shrub",1
"193","14-4387_2019","14-4387","BC Parks Manning TEM",2019,"WHM EAC BDH RJC",-120.7733994,49.09149169,1955,"RHODINT","herb",1
"194","14-4387_2019","14-4387","BC Parks Manning TEM",2019,"WHM EAC BDH RJC",-120.7733994,49.09149169,1955,"ERIOUMB","herb",2
"195","14-4387_2019","14-4387","BC Parks Manning TEM",2019,"WHM EAC BDH RJC",-120.7733994,49.09149169,1955,"PAXIMYR","shrub",4
"196","14-4387_2019","14-4387","BC Parks Manning TEM",2019,"WHM EAC BDH RJC",-120.7733994,49.09149169,1955,"ARNILAT","herb",0.5
"197","14-4387_2019","14-4387","BC Parks Manning TEM",2019,"WHM EAC BDH RJC",-120.7733994,49.09149169,1955,"ARNICOR","herb",0.200000003
"198","14-4387_2019","14-4387","BC Parks Manning TEM",2019,"WHM EAC BDH RJC",-120.7733994,49.09149169,1955,"CLAYLAN","herb",0.100000001
"199","14-4387_2019","14-4387","BC Parks Manning TEM",2019,"WHM EAC BDH RJC",-120.7733994,49.09149169,1955,"BOECLYA","herb",0.200000003
"200","14-4387_2019","14-4387","BC Parks Manning TEM",2019,"WHM EAC BDH RJC",-120.7733994,49.09149169,1955,"ABIELAS","tree",4
"201","14-4387_2019","14-4387","BC Parks Manning TEM",2019,"WHM EAC BDH RJC",-120.7733994,49.09149169,1955,"PICEENG","tree",5
"202","14-4387_2019","14-4387","BC Parks Manning TEM",2019,"WHM EAC BDH RJC",-120.7733994,49.09149169,1955,"SILEPAR","herb",2
"203","14-4387_2019","14-4387","BC Parks Manning TEM",2019,"WHM EAC BDH RJC",-120.7733994,49.09149169,1955,"ANTERAC","herb",0.200000003
"204","14-4387_2019","14-4387","BC Parks Manning TEM",2019,"WHM EAC BDH RJC",-120.7733994,49.09149169,1955,"PENSPRO","herb",0.5
"205","14-4387_2019","14-4387","BC Parks Manning TEM",2019,"WHM EAC BDH RJC",-120.7733994,49.09149169,1955,"CASTMIN","herb",0.5
"206","14-4387_2019","14-4387","BC Parks Manning TEM",2019,"WHM EAC BDH RJC",-120.7733994,49.09149169,1955,"FRAGVIR","herb",0.5
"207","14-4387_2019","14-4387","BC Parks Manning TEM",2019,"WHM EAC BDH RJC",-120.7733994,49.09149169,1955,"ARNIPAR","herb",0.5
"208","14-4387_2019","14-4387","BC Parks Manning TEM",2019,"WHM EAC BDH RJC",-120.7733994,49.09149169,1955,"LUPIARC","herb",0.5
"209","14-4387_2019","14-4387","BC Parks Manning TEM",2019,"WHM EAC BDH RJC",-120.7733994,49.09149169,1955,"PINUALB","tree",6
"210","14-4387_2019","14-4387","BC Parks Manning TEM",2019,"WHM EAC BDH RJC",-120.7733994,49.09149169,1955,"AGOSAUR","herb",0.5
"211","14-4387_2019","14-4387","BC Parks Manning TEM",2019,"WHM EAC BDH RJC",-120.7733994,49.09149169,1955,"PHLODIF","herb",5
"212","14-4387_2019","14-4387","BC Parks Manning TEM",2019,"WHM EAC BDH RJC",-120.7733994,49.09149169,1955,"ACHIMIL","herb",4
"213","14-4388_2019","14-4388","BC Parks Manning TEM",2019,"WHM EAC RJC BDH",-120.7620316,49.06903839,1624,"AMELALN","shrub",4
"214","14-4388_2019","14-4388","BC Parks Manning TEM",2019,"WHM EAC RJC BDH",-120.7620316,49.06903839,1624,"ARCTUVA","shrub",3
"215","14-4388_2019","14-4388","BC Parks Manning TEM",2019,"WHM EAC RJC BDH",-120.7620316,49.06903839,1624,"PECTBRE","herb",0.200000003
"216","14-4388_2019","14-4388","BC Parks Manning TEM",2019,"WHM EAC RJC BDH",-120.7620316,49.06903839,1624,"PINUCON","tree",3
"217","14-4388_2019","14-4388","BC Parks Manning TEM",2019,"WHM EAC RJC BDH",-120.7620316,49.06903839,1624,"GOODOBL","herb",0.5
"218","14-4388_2019","14-4388","BC Parks Manning TEM",2019,"WHM EAC RJC BDH",-120.7620316,49.06903839,1624,"ANTEUMB","herb",0.5
"219","14-4388_2019","14-4388","BC Parks Manning TEM",2019,"WHM EAC RJC BDH",-120.7620316,49.06903839,1624,"HETEVIL","herb",0.200000003
"220","14-4388_2019","14-4388","BC Parks Manning TEM",2019,"WHM EAC RJC BDH",-120.7620316,49.06903839,1624,"SILEMEN","herb",0.5
"221","14-4388_2019","14-4388","BC Parks Manning TEM",2019,"WHM EAC RJC BDH",-120.7620316,49.06903839,1624,"EUCEENG","herb",0.200000003
"222","14-4388_2019","14-4388","BC Parks Manning TEM",2019,"WHM EAC RJC BDH",-120.7620316,49.06903839,1624,"SEDULAN","herb",0.5
"223","14-4388_2019","14-4388","BC Parks Manning TEM",2019,"WHM EAC RJC BDH",-120.7620316,49.06903839,1624,"PSEUMEN","tree",39
"224","14-4388_2019","14-4388","BC Parks Manning TEM",2019,"WHM EAC RJC BDH",-120.7620316,49.06903839,1624,"CEANVEL","shrub",1
"225","14-4388_2019","14-4388","BC Parks Manning TEM",2019,"WHM EAC RJC BDH",-120.7620316,49.06903839,1624,"HIERUMB","herb",0.5
"226","14-4388_2019","14-4388","BC Parks Manning TEM",2019,"WHM EAC RJC BDH",-120.7620316,49.06903839,1624,"PHLODIF","herb",1
"227","14-4388_2019","14-4388","BC Parks Manning TEM",2019,"WHM EAC RJC BDH",-120.7620316,49.06903839,1624,"SPIRLUC","shrub",8
"228","14-4388_2019","14-4388","BC Parks Manning TEM",2019,"WHM EAC RJC BDH",-120.7620316,49.06903839,1624,"PAXIMYR","shrub",10
"229","14-4388_2019","14-4388","BC Parks Manning TEM",2019,"WHM EAC RJC BDH",-120.7620316,49.06903839,1624,"ANTERAC","herb",1
"230","14-4388_2019","14-4388","BC Parks Manning TEM",2019,"WHM EAC RJC BDH",-120.7620316,49.06903839,1624,"ARNILAT","herb",1
"231","14-4388_2019","14-4388","BC Parks Manning TEM",2019,"WHM EAC RJC BDH",-120.7620316,49.06903839,1624,"DRYMGLA","herb",0.200000003
