"","PlotNumber","Site","ProjectID","Treatment","Year","SiteSurveyor","Longitude","RelocationConfidence","Latitude","Elevation","Species","Functional_group","Cover"
"1","02-3085_2019","02-3085","BC Parks Manning TEM","2019",2019,"HAK EAC",-120.7638931,NA,49.14056015,2044,"ANTELAN","herb",8
"2","02-3085_2019","02-3085","BC Parks Manning TEM","2019",2019,"HAK EAC",-120.7638931,NA,49.14056015,2044,"ERIGGLA","herb",1
"3","02-3085_2019","02-3085","BC Parks Manning TEM","2019",2019,"HAK EAC",-120.7638931,NA,49.14056015,2044,"SILEPAR","herb",1
"4","02-3085_2019","02-3085","BC Parks Manning TEM","2019",2019,"HAK EAC",-120.7638931,NA,49.14056015,2044,"PINUALB","tree",2
"5","02-3085_2019","02-3085","BC Parks Manning TEM","2019",2019,"HAK EAC",-120.7638931,NA,49.14056015,2044,"LUPIARC","herb",2
"6","02-3085_2019","02-3085","BC Parks Manning TEM","2019",2019,"HAK EAC",-120.7638931,NA,49.14056015,2044,"HIERGRA","herb",1
"7","02-3085_2019","02-3085","BC Parks Manning TEM","2019",2019,"HAK EAC",-120.7638931,NA,49.14056015,2044,"PHLODIF","herb",1
"8","02-3085_2019","02-3085","BC Parks Manning TEM","2019",2019,"HAK EAC",-120.7638931,NA,49.14056015,2044,"LUETPEC","shrub",4
"9","02-3085_2019","02-3085","BC Parks Manning TEM","2019",2019,"HAK EAC",-120.7638931,NA,49.14056015,2044,"VACCCAE","shrub",20
"10","02-3085_2019","02-3085","BC Parks Manning TEM","2019",2019,"HAK EAC",-120.7638931,NA,49.14056015,2044,"LUPILEP","herb",1
"11","02-3085_2019","02-3085","BC Parks Manning TEM","2019",2019,"HAK EAC",-120.7638931,NA,49.14056015,2044,"VACCSCO","shrub",10
"12","02-3085_2019","02-3085","BC Parks Manning TEM","2019",2019,"HAK EAC",-120.7638931,NA,49.14056015,2044,"PULSOCC","herb",1
"13","02-3085_2019","02-3085","BC Parks Manning TEM","2019",2019,"HAK EAC",-120.7638931,NA,49.14056015,2044,"PEDIBRA","herb",1
"14","02-3085_2019","02-3085","BC Parks Manning TEM","2019",2019,"HAK EAC",-120.7638931,NA,49.14056015,2044,"ABIELAS","tree",31
"15","02-3085_2019","02-3085","BC Parks Manning TEM","2019",2019,"HAK EAC",-120.7638931,NA,49.14056015,2044,"POTEFLA","herb",1
"16","02-3085_2019","02-3085","BC Parks Manning TEM","2019",2019,"HAK EAC",-120.7638931,NA,49.14056015,2044,"PICEENG","tree",6
"17","02-3085_2019","02-3085","BC Parks Manning TEM","2019",2019,"HAK EAC",-120.7638931,NA,49.14056015,2044,"VACCMEM","shrub",5
"18","02-3085_2019","02-3085","BC Parks Manning TEM","2019",2019,"HAK EAC",-120.7638931,NA,49.14056015,2044,"EREMCAP","herb",7
"19","02-3085_2019","02-3085","BC Parks Manning TEM","2019",2019,"HAK EAC",-120.7638931,NA,49.14056015,2044,"VACCDEL","shrub",15
"20","02-3085_2019","02-3085","BC Parks Manning TEM","2019",2019,"HAK EAC",-120.7638931,NA,49.14056015,2044,"ARNILAT","herb",2
"21","02-3089_2019","02-3089","BC Parks Manning TEM","2019",2019,"HAK EAC GH",-120.7567673,NA,49.14989852,2136,"LUPILEP","herb",1
"22","02-3089_2019","02-3089","BC Parks Manning TEM","2019",2019,"HAK EAC GH",-120.7567673,NA,49.14989852,2136,"VEROCUS","herb",5
"23","02-3089_2019","02-3089","BC Parks Manning TEM","2019",2019,"HAK EAC GH",-120.7567673,NA,49.14989852,2136,"EREMCAP","herb",5
"24","02-3089_2019","02-3089","BC Parks Manning TEM","2019",2019,"HAK EAC GH",-120.7567673,NA,49.14989852,2136,"PHYLEMP","shrub",8
"25","02-3089_2019","02-3089","BC Parks Manning TEM","2019",2019,"HAK EAC GH",-120.7567673,NA,49.14989852,2136,"ERIGGLA","herb",1
"26","02-3089_2019","02-3089","BC Parks Manning TEM","2019",2019,"HAK EAC GH",-120.7567673,NA,49.14989852,2136,"LUETPEC","shrub",10
"27","02-3089_2019","02-3089","BC Parks Manning TEM","2019",2019,"HAK EAC GH",-120.7567673,NA,49.14989852,2136,"PENSDAV","shrub",1
"28","02-3089_2019","02-3089","BC Parks Manning TEM","2019",2019,"HAK EAC GH",-120.7567673,NA,49.14989852,2136,"ERIGAUR","herb",1
"29","02-3089_2019","02-3089","BC Parks Manning TEM","2019",2019,"HAK EAC GH",-120.7567673,NA,49.14989852,2136,"LUPIARC","herb",1
"30","02-3089_2019","02-3089","BC Parks Manning TEM","2019",2019,"HAK EAC GH",-120.7567673,NA,49.14989852,2136,"JUNICOM","shrub",2
"31","02-3089_2019","02-3089","BC Parks Manning TEM","2019",2019,"HAK EAC GH",-120.7567673,NA,49.14989852,2136,"VACCSCO","shrub",5
"32","02-3089_2019","02-3089","BC Parks Manning TEM","2019",2019,"HAK EAC GH",-120.7567673,NA,49.14989852,2136,"CASTMIN","herb",1
"33","02-3089_2019","02-3089","BC Parks Manning TEM","2019",2019,"HAK EAC GH",-120.7567673,NA,49.14989852,2136,"ABIELAS","tree",27
"34","02-3089_2019","02-3089","BC Parks Manning TEM","2019",2019,"HAK EAC GH",-120.7567673,NA,49.14989852,2136,"HIERGRA","herb",1
"35","02-3089_2019","02-3089","BC Parks Manning TEM","2019",2019,"HAK EAC GH",-120.7567673,NA,49.14989852,2136,"PINUALB","tree",1
"36","02-3089_2019","02-3089","BC Parks Manning TEM","2019",2019,"HAK EAC GH",-120.7567673,NA,49.14989852,2136,"ANTELAN","herb",8
"37","02-3089_2019","02-3089","BC Parks Manning TEM","2019",2019,"HAK EAC GH",-120.7567673,NA,49.14989852,2136,"CASSMER","shrub",25
"38","02-3089_2019","02-3089","BC Parks Manning TEM","2019",2019,"HAK EAC GH",-120.7567673,NA,49.14989852,2136,"CASTPAR","herb",1
"39","02-3089_2019","02-3089","BC Parks Manning TEM","2019",2019,"HAK EAC GH",-120.7567673,NA,49.14989852,2136,"ARNILAT","herb",2
"40","12-2000_2019","12-2000","BC Parks Manning TEM","2019",2019,"EAC HAK GH",-120.7637634,NA,49.13544082,1954,"PECTBRE","herb",1
"41","12-2000_2019","12-2000","BC Parks Manning TEM","2019",2019,"EAC HAK GH",-120.7637634,NA,49.13544082,1954,"PICEENG","tree",48
"42","12-2000_2019","12-2000","BC Parks Manning TEM","2019",2019,"EAC HAK GH",-120.7637634,NA,49.13544082,1954,"THALOCC","herb",2
"43","12-2000_2019","12-2000","BC Parks Manning TEM","2019",2019,"EAC HAK GH",-120.7637634,NA,49.13544082,1954,"ERIGGLA","herb",1
"44","12-2000_2019","12-2000","BC Parks Manning TEM","2019",2019,"EAC HAK GH",-120.7637634,NA,49.13544082,1954,"VACCSCO","shrub",3
"45","12-2000_2019","12-2000","BC Parks Manning TEM","2019",2019,"EAC HAK GH",-120.7637634,NA,49.13544082,1954,"PULSOCC","herb",1
"46","12-2000_2019","12-2000","BC Parks Manning TEM","2019",2019,"EAC HAK GH",-120.7637634,NA,49.13544082,1954,"VACCMEM","shrub",1
"47","12-2000_2019","12-2000","BC Parks Manning TEM","2019",2019,"EAC HAK GH",-120.7637634,NA,49.13544082,1954,"TROLALB","herb",3
"48","12-2000_2019","12-2000","BC Parks Manning TEM","2019",2019,"EAC HAK GH",-120.7637634,NA,49.13544082,1954,"VALESIT","herb",60
"49","12-2000_2019","12-2000","BC Parks Manning TEM","2019",2019,"EAC HAK GH",-120.7637634,NA,49.13544082,1954,"EPILGLA","herb",1
"50","12-2000_2019","12-2000","BC Parks Manning TEM","2019",2019,"EAC HAK GH",-120.7637634,NA,49.13544082,1954,"ABIELAS","tree",40
"51","12-2000_2019","12-2000","BC Parks Manning TEM","2019",2019,"EAC HAK GH",-120.7637634,NA,49.13544082,1954,"LUPIARC","herb",2
"52","12-2000_2019","12-2000","BC Parks Manning TEM","2019",2019,"EAC HAK GH",-120.7637634,NA,49.13544082,1954,"PEDIBRA","herb",1
"53","12-2000_2019","12-2000","BC Parks Manning TEM","2019",2019,"EAC HAK GH",-120.7637634,NA,49.13544082,1954,"VERAVIR","herb",8
"54","12-2000_2019","12-2000","BC Parks Manning TEM","2019",2019,"EAC HAK GH",-120.7637634,NA,49.13544082,1954,"POTEFLA","herb",4
"55","12-2000_2019","12-2000","BC Parks Manning TEM","2019",2019,"EAC HAK GH",-120.7637634,NA,49.13544082,1954,"PEDIRAC","herb",4
"56","12-2000_2019","12-2000","BC Parks Manning TEM","2019",2019,"EAC HAK GH",-120.7637634,NA,49.13544082,1954,"ARNILAT","herb",1
"57","14-4316_2019","14-4316","BC Parks Manning TEM","2019",2019,"GKH EAC",-120.7646866,NA,49.03958129,1558,"VERAVIR","herb",7
"58","14-4316_2019","14-4316","BC Parks Manning TEM","2019",2019,"GKH EAC",-120.7646866,NA,49.03958129,1558,"DACTVIR","herb",2
"59","14-4316_2019","14-4316","BC Parks Manning TEM","2019",2019,"GKH EAC",-120.7646866,NA,49.03958129,1558,"CALTLEP","herb",3
"60","14-4316_2019","14-4316","BC Parks Manning TEM","2019",2019,"GKH EAC",-120.7646866,NA,49.03958129,1558,"ABIELAS","tree",49
"61","14-4316_2019","14-4316","BC Parks Manning TEM","2019",2019,"GKH EAC",-120.7646866,NA,49.03958129,1558,"TROLALB","herb",18
"62","14-4316_2019","14-4316","BC Parks Manning TEM","2019",2019,"GKH EAC",-120.7646866,NA,49.03958129,1558,"MICRODO","herb",15
"63","14-4316_2019","14-4316","BC Parks Manning TEM","2019",2019,"GKH EAC",-120.7646866,NA,49.03958129,1558,"SENETRI","herb",8
"64","14-4316_2019","14-4316","BC Parks Manning TEM","2019",2019,"GKH EAC",-120.7646866,NA,49.03958129,1558,"CHAMANG","herb",1
"65","14-4316_2019","14-4316","BC Parks Manning TEM","2019",2019,"GKH EAC",-120.7646866,NA,49.03958129,1558,"RUBUPAR","shrub",2
"66","14-4316_2019","14-4316","BC Parks Manning TEM","2019",2019,"GKH EAC",-120.7646866,NA,49.03958129,1558,"TIARTRI","herb",2
"67","14-4316_2019","14-4316","BC Parks Manning TEM","2019",2019,"GKH EAC",-120.7646866,NA,49.03958129,1558,"STREAMP","herb",2
"68","14-4316_2019","14-4316","BC Parks Manning TEM","2019",2019,"GKH EAC",-120.7646866,NA,49.03958129,1558,"RIBELAC","shrub",4
"69","14-4316_2019","14-4316","BC Parks Manning TEM","2019",2019,"GKH EAC",-120.7646866,NA,49.03958129,1558,"PICEENG","tree",17
"70","14-4316_2019","14-4316","BC Parks Manning TEM","2019",2019,"GKH EAC",-120.7646866,NA,49.03958129,1558,"ANTIOCC","herb",1
"71","14-4316_2019","14-4316","BC Parks Manning TEM","2019",2019,"GKH EAC",-120.7646866,NA,49.03958129,1558,"VACCMEM","shrub",8
"72","14-4316_2019","14-4316","BC Parks Manning TEM","2019",2019,"GKH EAC",-120.7646866,NA,49.03958129,1558,"VALESIT","herb",45
"73","14-4316_2019","14-4316","BC Parks Manning TEM","2019",2019,"GKH EAC",-120.7646866,NA,49.03958129,1558,"STRELAN","herb",1
"74","14-4316_2019","14-4316","BC Parks Manning TEM","2019",2019,"GKH EAC",-120.7646866,NA,49.03958129,1558,"LONIINV","shrub",3
"75","14-4316_2019","14-4316","BC Parks Manning TEM","2019",2019,"GKH EAC",-120.7646866,NA,49.03958129,1558,"EQUIARV","herb",30
"76","14-4316_2019","14-4316","BC Parks Manning TEM","2019",2019,"GKH EAC",-120.7646866,NA,49.03958129,1558,"RUBUPED","herb",4
"77","14-4316_2019","14-4316","BC Parks Manning TEM","2019",2019,"GKH EAC",-120.7646866,NA,49.03958129,1558,"ERIGGLA","herb",30
"78","14-4316_2019","14-4316","BC Parks Manning TEM","2019",2019,"GKH EAC",-120.7646866,NA,49.03958129,1558,"ANGEGEN","herb",3
"79","14-4316_2019","14-4316","BC Parks Manning TEM","2019",2019,"GKH EAC",-120.7646866,NA,49.03958129,1558,"LONIUTA","shrub",1
"80","14-4316_2019","14-4316","BC Parks Manning TEM","2019",2019,"GKH EAC",-120.7646866,NA,49.03958129,1558,"RHODALB","shrub",9
"81","14-4316_2019","14-4316","BC Parks Manning TEM","2019",2019,"GKH EAC",-120.7646866,NA,49.03958129,1558,"ACONDEL","herb",1
"82","14-4316_2019","14-4316","BC Parks Manning TEM","2019",2019,"GKH EAC",-120.7646866,NA,49.03958129,1558,"ARNILAT","herb",7
"83","14-4316_2019","14-4316","BC Parks Manning TEM","2019",2019,"GKH EAC",-120.7646866,NA,49.03958129,1558,"HERAMAX","herb",1
"84","14-4316_2019","14-4316","BC Parks Manning TEM","2019",2019,"GKH EAC",-120.7646866,NA,49.03958129,1558,"THALOCC","herb",4
"85","14-4316_2019","14-4316","BC Parks Manning TEM","2019",2019,"GKH EAC",-120.7646866,NA,49.03958129,1558,"OSMOPUR","herb",1
"86","14-4316_2019","14-4316","BC Parks Manning TEM","2019",2019,"GKH EAC",-120.7646866,NA,49.03958129,1558,"LEPTPYR","herb",2
"87","14-4316_2019","14-4316","BC Parks Manning TEM","2019",2019,"GKH EAC",-120.7646866,NA,49.03958129,1558,"PARNFIM","herb",10
"88","14-4316_2019","14-4316","BC Parks Manning TEM","2019",2019,"GKH EAC",-120.7646866,NA,49.03958129,1558,"PECTPET","herb",10
"89","14-4317_2019","14-4317","BC Parks Manning TEM","2019",2019,"GKH EAC",-120.7647095,NA,49.04946899,1536,"PAXIMYR","shrub",30
"90","14-4317_2019","14-4317","BC Parks Manning TEM","2019",2019,"GKH EAC",-120.7647095,NA,49.04946899,1536,"VACCMEM","shrub",10
"91","14-4317_2019","14-4317","BC Parks Manning TEM","2019",2019,"GKH EAC",-120.7647095,NA,49.04946899,1536,"PICEENG","tree",23
"92","14-4317_2019","14-4317","BC Parks Manning TEM","2019",2019,"GKH EAC",-120.7647095,NA,49.04946899,1536,"LUPIARC","herb",7
"93","14-4317_2019","14-4317","BC Parks Manning TEM","2019",2019,"GKH EAC",-120.7647095,NA,49.04946899,1536,"ABIEAMA","tree",2
"94","14-4317_2019","14-4317","BC Parks Manning TEM","2019",2019,"GKH EAC",-120.7647095,NA,49.04946899,1536,"ORTHSEC","herb",4
"95","14-4317_2019","14-4317","BC Parks Manning TEM","2019",2019,"GKH EAC",-120.7647095,NA,49.04946899,1536,"HIERSCO","herb",1
"96","14-4317_2019","14-4317","BC Parks Manning TEM","2019",2019,"GKH EAC",-120.7647095,NA,49.04946899,1536,"ABIELAS","tree",29
"97","14-4317_2019","14-4317","BC Parks Manning TEM","2019",2019,"GKH EAC",-120.7647095,NA,49.04946899,1536,"VALESIT","herb",2
"98","14-4317_2019","14-4317","BC Parks Manning TEM","2019",2019,"GKH EAC",-120.7647095,NA,49.04946899,1536,"RHODALB","shrub",5
"99","14-4317_2019","14-4317","BC Parks Manning TEM","2019",2019,"GKH EAC",-120.7647095,NA,49.04946899,1536,"TSUGHET","tree",3
"100","14-4317_2019","14-4317","BC Parks Manning TEM","2019",2019,"GKH EAC",-120.7647095,NA,49.04946899,1536,"SPIRLUC","shrub",3
"101","14-4317_2019","14-4317","BC Parks Manning TEM","2019",2019,"GKH EAC",-120.7647095,NA,49.04946899,1536,"SORBSCO","shrub",1
"102","14-4317_2019","14-4317","BC Parks Manning TEM","2019",2019,"GKH EAC",-120.7647095,NA,49.04946899,1536,"EUCEENG","herb",3
"103","14-4317_2019","14-4317","BC Parks Manning TEM","2019",2019,"GKH EAC",-120.7647095,NA,49.04946899,1536,"PEDIRAC","herb",1
"104","14-4317_2019","14-4317","BC Parks Manning TEM","2019",2019,"GKH EAC",-120.7647095,NA,49.04946899,1536,"VACCSCO","shrub",30
"105","14-4317_2019","14-4317","BC Parks Manning TEM","2019",2019,"GKH EAC",-120.7647095,NA,49.04946899,1536,"LONIUTA","shrub",3
"106","14-4317_2019","14-4317","BC Parks Manning TEM","2019",2019,"GKH EAC",-120.7647095,NA,49.04946899,1536,"AMELALN","shrub",2
"107","14-4317_2019","14-4317","BC Parks Manning TEM","2019",2019,"GKH EAC",-120.7647095,NA,49.04946899,1536,"PSEUMEN","tree",25
"108","14-4317_2019","14-4317","BC Parks Manning TEM","2019",2019,"GKH EAC",-120.7647095,NA,49.04946899,1536,"ARNICOR","herb",1
"109","14-4317_2019","14-4317","BC Parks Manning TEM","2019",2019,"GKH EAC",-120.7647095,NA,49.04946899,1536,"PINUCON","tree",3
"110","14-4317_2019","14-4317","BC Parks Manning TEM","2019",2019,"GKH EAC",-120.7647095,NA,49.04946899,1536,"GOODOBL","herb",1
"111","14-4320_2019","14-4320","BC Parks Manning TEM","2019",2019,"DSF EAC GH",-120.7710724,NA,49.07690048,1815,"LOMAMAC","herb",1
"112","14-4320_2019","14-4320","BC Parks Manning TEM","2019",2019,"DSF EAC GH",-120.7710724,NA,49.07690048,1815,"ERIOHER","herb",1
"113","14-4320_2019","14-4320","BC Parks Manning TEM","2019",2019,"DSF EAC GH",-120.7710724,NA,49.07690048,1815,"ERIGCOM","herb",1
"114","14-4320_2019","14-4320","BC Parks Manning TEM","2019",2019,"DSF EAC GH",-120.7710724,NA,49.07690048,1815,"SELASCO","herb",1
"115","14-4320_2019","14-4320","BC Parks Manning TEM","2019",2019,"DSF EAC GH",-120.7710724,NA,49.07690048,1815,"POLEPUL","herb",1
"116","14-4320_2019","14-4320","BC Parks Manning TEM","2019",2019,"DSF EAC GH",-120.7710724,NA,49.07690048,1815,"HEUCCYL","herb",1
"117","14-4320_2019","14-4320","BC Parks Manning TEM","2019",2019,"DSF EAC GH",-120.7710724,NA,49.07690048,1815,"JUNICOM","shrub",2
"118","14-4320_2019","14-4320","BC Parks Manning TEM","2019",2019,"DSF EAC GH",-120.7710724,NA,49.07690048,1815,"PACKCAN","herb",1
"119","14-4320_2019","14-4320","BC Parks Manning TEM","2019",2019,"DSF EAC GH",-120.7710724,NA,49.07690048,1815,"SAXIAUS","herb",1
"120","14-4320_2019","14-4320","BC Parks Manning TEM","2019",2019,"DSF EAC GH",-120.7710724,NA,49.07690048,1815,"PENSFRU","herb",2
"121","14-4320_2019","14-4320","BC Parks Manning TEM","2019",2019,"DSF EAC GH",-120.7710724,NA,49.07690048,1815,"HIERSCO","herb",1
"122","14-4320_2019","14-4320","BC Parks Manning TEM","2019",2019,"DSF EAC GH",-120.7710724,NA,49.07690048,1815,"SEDUDIV","herb",1
"123","14-4320_2019","14-4320","BC Parks Manning TEM","2019",2019,"DSF EAC GH",-120.7710724,NA,49.07690048,1815,"PHLODIF","herb",1
"124","14-4320_2019","14-4320","BC Parks Manning TEM","2019",2019,"DSF EAC GH",-120.7710724,NA,49.07690048,1815,"ARCTUVA","shrub",1
"125","14-4320_2019","14-4320","BC Parks Manning TEM","2019",2019,"DSF EAC GH",-120.7710724,NA,49.07690048,1815,"SEDULAN","herb",2
"126","14-4320_2019","14-4320","BC Parks Manning TEM","2019",2019,"DSF EAC GH",-120.7710724,NA,49.07690048,1815,"EREMCAP","herb",1
"127","14-4320_2019","14-4320","BC Parks Manning TEM","2019",2019,"DSF EAC GH",-120.7710724,NA,49.07690048,1815,"SILEINV","herb",1
"128","14-4386_2019","14-4386","BC Parks Manning TEM","2019",2019,"WHM EAC RJC BDH",-120.7596817,NA,49.10020828,2009,"SELASCO","herb",1
"129","14-4386_2019","14-4386","BC Parks Manning TEM","2019",2019,"WHM EAC RJC BDH",-120.7596817,NA,49.10020828,2009,"PEDIRAC","herb",1
"130","14-4386_2019","14-4386","BC Parks Manning TEM","2019",2019,"WHM EAC RJC BDH",-120.7596817,NA,49.10020828,2009,"SILEPAR","herb",1
"131","14-4386_2019","14-4386","BC Parks Manning TEM","2019",2019,"WHM EAC RJC BDH",-120.7596817,NA,49.10020828,2009,"LUPIARC","herb",1
"132","14-4386_2019","14-4386","BC Parks Manning TEM","2019",2019,"WHM EAC RJC BDH",-120.7596817,NA,49.10020828,2009,"ABIELAS","tree",6
"133","14-4386_2019","14-4386","BC Parks Manning TEM","2019",2019,"WHM EAC RJC BDH",-120.7596817,NA,49.10020828,2009,"VACCSCO","shrub",3
"134","14-4386_2019","14-4386","BC Parks Manning TEM","2019",2019,"WHM EAC RJC BDH",-120.7596817,NA,49.10020828,2009,"AGOSAUR","herb",1
"135","14-4386_2019","14-4386","BC Parks Manning TEM","2019",2019,"WHM EAC RJC BDH",-120.7596817,NA,49.10020828,2009,"PHLODIF","herb",5
"136","14-4386_2019","14-4386","BC Parks Manning TEM","2019",2019,"WHM EAC RJC BDH",-120.7596817,NA,49.10020828,2009,"ARNIPAR","herb",1
"137","14-4386_2019","14-4386","BC Parks Manning TEM","2019",2019,"WHM EAC RJC BDH",-120.7596817,NA,49.10020828,2009,"VALESIT","herb",1
"138","14-4386_2019","14-4386","BC Parks Manning TEM","2019",2019,"WHM EAC RJC BDH",-120.7596817,NA,49.10020828,2009,"SEDULAN","herb",1
"139","14-4386_2019","14-4386","BC Parks Manning TEM","2019",2019,"WHM EAC RJC BDH",-120.7596817,NA,49.10020828,2009,"CLAYLAN","herb",1
"140","14-4386_2019","14-4386","BC Parks Manning TEM","2019",2019,"WHM EAC RJC BDH",-120.7596817,NA,49.10020828,2009,"VEROCUS","herb",1
"141","14-4386_2019","14-4386","BC Parks Manning TEM","2019",2019,"WHM EAC RJC BDH",-120.7596817,NA,49.10020828,2009,"PINUALB","tree",9
"142","14-4386_2019","14-4386","BC Parks Manning TEM","2019",2019,"WHM EAC RJC BDH",-120.7596817,NA,49.10020828,2009,"EREMCAP","herb",12
"143","14-4386_2019","14-4386","BC Parks Manning TEM","2019",2019,"WHM EAC RJC BDH",-120.7596817,NA,49.10020828,2009,"ANTELAN","herb",1
"144","14-4386_2019","14-4386","BC Parks Manning TEM","2019",2019,"WHM EAC RJC BDH",-120.7596817,NA,49.10020828,2009,"PENSPRO","herb",1
"145","14-4386_2019","14-4386","BC Parks Manning TEM","2019",2019,"WHM EAC RJC BDH",-120.7596817,NA,49.10020828,2009,"ERIGGLA","herb",1
"146","14-4386_2019","14-4386","BC Parks Manning TEM","2019",2019,"WHM EAC RJC BDH",-120.7596817,NA,49.10020828,2009,"ACHIMIL","herb",1
"147","14-4386_2019","14-4386","BC Parks Manning TEM","2019",2019,"WHM EAC RJC BDH",-120.7596817,NA,49.10020828,2009,"HIERUMB","herb",1
"148","14-4386_2019","14-4386","BC Parks Manning TEM","2019",2019,"WHM EAC RJC BDH",-120.7596817,NA,49.10020828,2009,"FRAGVIR","herb",1
"149","14-4386_2019","14-4386","BC Parks Manning TEM","2019",2019,"WHM EAC RJC BDH",-120.7596817,NA,49.10020828,2009,"CASTMIN","herb",1
"150","14-4386_2019","14-4386","BC Parks Manning TEM","2019",2019,"WHM EAC RJC BDH",-120.7596817,NA,49.10020828,2009,"SENEINT","herb",3
"151","14-4386_2019","14-4386","BC Parks Manning TEM","2019",2019,"WHM EAC RJC BDH",-120.7596817,NA,49.10020828,2009,"POTEGLU","herb",1
"152","14-4386_2019","14-4386","BC Parks Manning TEM","2019",2019,"WHM EAC RJC BDH",-120.7596817,NA,49.10020828,2009,"PULSOCC","herb",2
"153","14-4386_2019","14-4386","BC Parks Manning TEM","2019",2019,"WHM EAC RJC BDH",-120.7596817,NA,49.10020828,2009,"EUCEENG","herb",1
"154","14-4386_2019","14-4386","BC Parks Manning TEM","2019",2019,"WHM EAC RJC BDH",-120.7596817,NA,49.10020828,2009,"POLYMIN","herb",1
"155","14-4386_2019","14-4386","BC Parks Manning TEM","2019",2019,"WHM EAC RJC BDH",-120.7596817,NA,49.10020828,2009,"PAXIMYR","shrub",1
"156","14-4386_2019","14-4386","BC Parks Manning TEM","2019",2019,"WHM EAC RJC BDH",-120.7596817,NA,49.10020828,2009,"AGOSGLA","herb",1
"157","14-4387_2019","14-4387","BC Parks Manning TEM","2019",2019,"WHM EAC BDH RJC",-120.7733994,NA,49.09149169,1955,"ANTELAN","herb",1
"158","14-4387_2019","14-4387","BC Parks Manning TEM","2019",2019,"WHM EAC BDH RJC",-120.7733994,NA,49.09149169,1955,"EREMCAP","herb",5
"159","14-4387_2019","14-4387","BC Parks Manning TEM","2019",2019,"WHM EAC BDH RJC",-120.7733994,NA,49.09149169,1955,"BOECSTR","herb",1
"160","14-4387_2019","14-4387","BC Parks Manning TEM","2019",2019,"WHM EAC BDH RJC",-120.7733994,NA,49.09149169,1955,"LOMADIS","herb",1
"161","14-4387_2019","14-4387","BC Parks Manning TEM","2019",2019,"WHM EAC BDH RJC",-120.7733994,NA,49.09149169,1955,"SELASCO","herb",8
"162","14-4387_2019","14-4387","BC Parks Manning TEM","2019",2019,"WHM EAC BDH RJC",-120.7733994,NA,49.09149169,1955,"JUNICOM","shrub",1
"163","14-4387_2019","14-4387","BC Parks Manning TEM","2019",2019,"WHM EAC BDH RJC",-120.7733994,NA,49.09149169,1955,"RHODINT","herb",1
"164","14-4387_2019","14-4387","BC Parks Manning TEM","2019",2019,"WHM EAC BDH RJC",-120.7733994,NA,49.09149169,1955,"ERIOUMB","herb",2
"165","14-4387_2019","14-4387","BC Parks Manning TEM","2019",2019,"WHM EAC BDH RJC",-120.7733994,NA,49.09149169,1955,"PAXIMYR","shrub",4
"166","14-4387_2019","14-4387","BC Parks Manning TEM","2019",2019,"WHM EAC BDH RJC",-120.7733994,NA,49.09149169,1955,"ARNILAT","herb",1
"167","14-4387_2019","14-4387","BC Parks Manning TEM","2019",2019,"WHM EAC BDH RJC",-120.7733994,NA,49.09149169,1955,"ARNICOR","herb",1
"168","14-4387_2019","14-4387","BC Parks Manning TEM","2019",2019,"WHM EAC BDH RJC",-120.7733994,NA,49.09149169,1955,"CLAYLAN","herb",1
"169","14-4387_2019","14-4387","BC Parks Manning TEM","2019",2019,"WHM EAC BDH RJC",-120.7733994,NA,49.09149169,1955,"BOECLYA","herb",1
"170","14-4387_2019","14-4387","BC Parks Manning TEM","2019",2019,"WHM EAC BDH RJC",-120.7733994,NA,49.09149169,1955,"ABIELAS","tree",4
"171","14-4387_2019","14-4387","BC Parks Manning TEM","2019",2019,"WHM EAC BDH RJC",-120.7733994,NA,49.09149169,1955,"PICEENG","tree",5
"172","14-4387_2019","14-4387","BC Parks Manning TEM","2019",2019,"WHM EAC BDH RJC",-120.7733994,NA,49.09149169,1955,"SILEPAR","herb",2
"173","14-4387_2019","14-4387","BC Parks Manning TEM","2019",2019,"WHM EAC BDH RJC",-120.7733994,NA,49.09149169,1955,"ANTERAC","herb",1
"174","14-4387_2019","14-4387","BC Parks Manning TEM","2019",2019,"WHM EAC BDH RJC",-120.7733994,NA,49.09149169,1955,"PENSPRO","herb",1
"175","14-4387_2019","14-4387","BC Parks Manning TEM","2019",2019,"WHM EAC BDH RJC",-120.7733994,NA,49.09149169,1955,"CASTMIN","herb",1
"176","14-4387_2019","14-4387","BC Parks Manning TEM","2019",2019,"WHM EAC BDH RJC",-120.7733994,NA,49.09149169,1955,"FRAGVIR","herb",1
"177","14-4387_2019","14-4387","BC Parks Manning TEM","2019",2019,"WHM EAC BDH RJC",-120.7733994,NA,49.09149169,1955,"ARNIPAR","herb",1
"178","14-4387_2019","14-4387","BC Parks Manning TEM","2019",2019,"WHM EAC BDH RJC",-120.7733994,NA,49.09149169,1955,"LUPIARC","herb",1
"179","14-4387_2019","14-4387","BC Parks Manning TEM","2019",2019,"WHM EAC BDH RJC",-120.7733994,NA,49.09149169,1955,"PINUALB","tree",6
"180","14-4387_2019","14-4387","BC Parks Manning TEM","2019",2019,"WHM EAC BDH RJC",-120.7733994,NA,49.09149169,1955,"AGOSAUR","herb",1
"181","14-4387_2019","14-4387","BC Parks Manning TEM","2019",2019,"WHM EAC BDH RJC",-120.7733994,NA,49.09149169,1955,"PHLODIF","herb",5
"182","14-4387_2019","14-4387","BC Parks Manning TEM","2019",2019,"WHM EAC BDH RJC",-120.7733994,NA,49.09149169,1955,"ACHIMIL","herb",4
"183","14-4388_2019","14-4388","BC Parks Manning TEM","2019",2019,"WHM EAC RJC BDH",-120.7620316,NA,49.06903839,1624,"AMELALN","shrub",4
"184","14-4388_2019","14-4388","BC Parks Manning TEM","2019",2019,"WHM EAC RJC BDH",-120.7620316,NA,49.06903839,1624,"ARCTUVA","shrub",3
"185","14-4388_2019","14-4388","BC Parks Manning TEM","2019",2019,"WHM EAC RJC BDH",-120.7620316,NA,49.06903839,1624,"PECTBRE","herb",1
"186","14-4388_2019","14-4388","BC Parks Manning TEM","2019",2019,"WHM EAC RJC BDH",-120.7620316,NA,49.06903839,1624,"PINUCON","tree",3
"187","14-4388_2019","14-4388","BC Parks Manning TEM","2019",2019,"WHM EAC RJC BDH",-120.7620316,NA,49.06903839,1624,"GOODOBL","herb",1
"188","14-4388_2019","14-4388","BC Parks Manning TEM","2019",2019,"WHM EAC RJC BDH",-120.7620316,NA,49.06903839,1624,"ANTEUMB","herb",1
"189","14-4388_2019","14-4388","BC Parks Manning TEM","2019",2019,"WHM EAC RJC BDH",-120.7620316,NA,49.06903839,1624,"HETEVIL","herb",1
"190","14-4388_2019","14-4388","BC Parks Manning TEM","2019",2019,"WHM EAC RJC BDH",-120.7620316,NA,49.06903839,1624,"SILEMEN","herb",1
"191","14-4388_2019","14-4388","BC Parks Manning TEM","2019",2019,"WHM EAC RJC BDH",-120.7620316,NA,49.06903839,1624,"EUCEENG","herb",1
"192","14-4388_2019","14-4388","BC Parks Manning TEM","2019",2019,"WHM EAC RJC BDH",-120.7620316,NA,49.06903839,1624,"SEDULAN","herb",1
"193","14-4388_2019","14-4388","BC Parks Manning TEM","2019",2019,"WHM EAC RJC BDH",-120.7620316,NA,49.06903839,1624,"PSEUMEN","tree",39
"194","14-4388_2019","14-4388","BC Parks Manning TEM","2019",2019,"WHM EAC RJC BDH",-120.7620316,NA,49.06903839,1624,"CEANVEL","shrub",1
"195","14-4388_2019","14-4388","BC Parks Manning TEM","2019",2019,"WHM EAC RJC BDH",-120.7620316,NA,49.06903839,1624,"HIERUMB","herb",1
"196","14-4388_2019","14-4388","BC Parks Manning TEM","2019",2019,"WHM EAC RJC BDH",-120.7620316,NA,49.06903839,1624,"PHLODIF","herb",1
"197","14-4388_2019","14-4388","BC Parks Manning TEM","2019",2019,"WHM EAC RJC BDH",-120.7620316,NA,49.06903839,1624,"SPIRLUC","shrub",8
"198","14-4388_2019","14-4388","BC Parks Manning TEM","2019",2019,"WHM EAC RJC BDH",-120.7620316,NA,49.06903839,1624,"PAXIMYR","shrub",10
"199","14-4388_2019","14-4388","BC Parks Manning TEM","2019",2019,"WHM EAC RJC BDH",-120.7620316,NA,49.06903839,1624,"ANTERAC","herb",1
"200","14-4388_2019","14-4388","BC Parks Manning TEM","2019",2019,"WHM EAC RJC BDH",-120.7620316,NA,49.06903839,1624,"ARNILAT","herb",1
"201","14-4388_2019","14-4388","BC Parks Manning TEM","2019",2019,"WHM EAC RJC BDH",-120.7620316,NA,49.06903839,1624,"DRYMGLA","herb",1
"202","02-3085_2025","02-3085","Manning Park Project 2025","2025",2025,"CML RNW",-120.763904,"High",49.14058498,2038.597534,"PICEENG","tree",5.5
"203","02-3085_2025","02-3085","Manning Park Project 2025","2025",2025,"CML RNW",-120.763904,"High",49.14058498,2038.597534,"PINUALB","tree",1
"204","02-3085_2025","02-3085","Manning Park Project 2025","2025",2025,"CML RNW",-120.763904,"High",49.14058498,2038.597534,"ABIELAS","tree",8.5
"205","02-3085_2025","02-3085","Manning Park Project 2025","2025",2025,"CML RNW",-120.763904,"High",49.14058498,2038.597534,"PHYLEMP","shrub",10.5
"206","02-3085_2025","02-3085","Manning Park Project 2025","2025",2025,"CML RNW",-120.763904,"High",49.14058498,2038.597534,"VACCSCO","shrub",10
"207","02-3085_2025","02-3085","Manning Park Project 2025","2025",2025,"CML RNW",-120.763904,"High",49.14058498,2038.597534,"VACCDEL","shrub",25
"208","02-3085_2025","02-3085","Manning Park Project 2025","2025",2025,"CML RNW",-120.763904,"High",49.14058498,2038.597534,"VACCCAE","shrub",1
"209","02-3085_2025","02-3085","Manning Park Project 2025","2025",2025,"CML RNW",-120.763904,"High",49.14058498,2038.597534,"VACCMEM","shrub",1
"210","02-3085_2025","02-3085","Manning Park Project 2025","2025",2025,"CML RNW",-120.763904,"High",49.14058498,2038.597534,"ANTELAN","herb",2.65
"211","02-3085_2025","02-3085","Manning Park Project 2025","2025",2025,"CML RNW",-120.763904,"High",49.14058498,2038.597534,"LUETPEC","shrub",8.5
"212","02-3085_2025","02-3085","Manning Park Project 2025","2025",2025,"CML RNW",-120.763904,"High",49.14058498,2038.597534,"HIERTRI","herb",1
"213","02-3085_2025","02-3085","Manning Park Project 2025","2025",2025,"CML RNW",-120.763904,"High",49.14058498,2038.597534,"EREMCAP","herb",1.15
"214","02-3085_2025","02-3085","Manning Park Project 2025","2025",2025,"CML RNW",-120.763904,"High",49.14058498,2038.597534,"LUPIARC","herb",5
"215","02-3085_2025","02-3085","Manning Park Project 2025","2025",2025,"CML RNW",-120.763904,"High",49.14058498,2038.597534,"ERIGGLA","herb",1
"216","02-3085_2025","02-3085","Manning Park Project 2025","2025",2025,"CML RNW",-120.763904,"High",49.14058498,2038.597534,"POTEFLA","herb",1
"217","02-3085_2025","02-3085","Manning Park Project 2025","2025",2025,"CML RNW",-120.763904,"High",49.14058498,2038.597534,"PHLODIF","herb",1
"218","02-3085_Error","02-3085","Manning Park Project 2025","Error",2025,"CML RNW",-120.763681,"Med-High",49.140947,2042.98291,"PICEENG","tree",7
"219","02-3085_Error","02-3085","Manning Park Project 2025","Error",2025,"CML RNW",-120.763681,"Med-High",49.140947,2042.98291,"ABIELAS","tree",9.5
"220","02-3085_Error","02-3085","Manning Park Project 2025","Error",2025,"CML RNW",-120.763681,"Med-High",49.140947,2042.98291,"PINUCON","tree",1
"221","02-3085_Error","02-3085","Manning Park Project 2025","Error",2025,"CML RNW",-120.763681,"Med-High",49.140947,2042.98291,"PHYLEMP","shrub",4
"222","02-3085_Error","02-3085","Manning Park Project 2025","Error",2025,"CML RNW",-120.763681,"Med-High",49.140947,2042.98291,"VACCSCO","shrub",31
"223","02-3085_Error","02-3085","Manning Park Project 2025","Error",2025,"CML RNW",-120.763681,"Med-High",49.140947,2042.98291,"VACCCAE","shrub",2.5
"224","02-3085_Error","02-3085","Manning Park Project 2025","Error",2025,"CML RNW",-120.763681,"Med-High",49.140947,2042.98291,"VACCDEL","shrub",1
"225","02-3085_Error","02-3085","Manning Park Project 2025","Error",2025,"CML RNW",-120.763681,"Med-High",49.140947,2042.98291,"LUETPEC","shrub",39.5
"226","02-3085_Error","02-3085","Manning Park Project 2025","Error",2025,"CML RNW",-120.763681,"Med-High",49.140947,2042.98291,"ANTELAN","herb",2.5
"227","02-3085_Error","02-3085","Manning Park Project 2025","Error",2025,"CML RNW",-120.763681,"Med-High",49.140947,2042.98291,"HIERTRI","herb",1
"228","02-3085_Error","02-3085","Manning Park Project 2025","Error",2025,"CML RNW",-120.763681,"Med-High",49.140947,2042.98291,"EREMCAP","herb",1
"229","02-3085_Error","02-3085","Manning Park Project 2025","Error",2025,"CML RNW",-120.763681,"Med-High",49.140947,2042.98291,"VALESIT","herb",1
"230","02-3085_Error","02-3085","Manning Park Project 2025","Error",2025,"CML RNW",-120.763681,"Med-High",49.140947,2042.98291,"ARNILAT","herb",1
"231","02-3085_Error","02-3085","Manning Park Project 2025","Error",2025,"CML RNW",-120.763681,"Med-High",49.140947,2042.98291,"LUPIARC","herb",1.5
"232","02-3085_Error","02-3085","Manning Park Project 2025","Error",2025,"CML RNW",-120.763681,"Med-High",49.140947,2042.98291,"POTEFLA","herb",1
"233","02-3085_Error","02-3085","Manning Park Project 2025","Error",2025,"CML RNW",-120.763681,"Med-High",49.140947,2042.98291,"ERIGGLA","herb",1
"234","02-3085_Error","02-3085","Manning Park Project 2025","Error",2025,"CML RNW",-120.763681,"Med-High",49.140947,2042.98291,"PEDIBRA","herb",1
"235","02-3089_2025","02-3089","Manning Park Project 2025","2025",2025,"CML RNW",-120.756704,"High",49.14995,2130.962158,"ABIELAS","tree",2
"236","02-3089_2025","02-3089","Manning Park Project 2025","2025",2025,"CML RNW",-120.756704,"High",49.14995,2130.962158,"PINUALB","tree",1
"237","02-3089_2025","02-3089","Manning Park Project 2025","2025",2025,"CML RNW",-120.756704,"High",49.14995,2130.962158,"VACCSCO","shrub",7.9
"238","02-3089_2025","02-3089","Manning Park Project 2025","2025",2025,"CML RNW",-120.756704,"High",49.14995,2130.962158,"CASSMER","shrub",23.5
"239","02-3089_2025","02-3089","Manning Park Project 2025","2025",2025,"CML RNW",-120.756704,"High",49.14995,2130.962158,"JUNICOM","shrub",1
"240","02-3089_2025","02-3089","Manning Park Project 2025","2025",2025,"CML RNW",-120.756704,"High",49.14995,2130.962158,"PHYLEMP","shrub",3
"241","02-3089_2025","02-3089","Manning Park Project 2025","2025",2025,"CML RNW",-120.756704,"High",49.14995,2130.962158,"VACCDEL","shrub",1
"242","02-3089_2025","02-3089","Manning Park Project 2025","2025",2025,"CML RNW",-120.756704,"High",49.14995,2130.962158,"LUETPEC","shrub",27
"243","02-3089_2025","02-3089","Manning Park Project 2025","2025",2025,"CML RNW",-120.756704,"High",49.14995,2130.962158,"ANTELAN","herb",14
"244","02-3089_2025","02-3089","Manning Park Project 2025","2025",2025,"CML RNW",-120.756704,"High",49.14995,2130.962158,"HIERTRI","herb",6.5
"245","02-3089_2025","02-3089","Manning Park Project 2025","2025",2025,"CML RNW",-120.756704,"High",49.14995,2130.962158,"EREMCAP","herb",1
"246","02-3089_2025","02-3089","Manning Park Project 2025","2025",2025,"CML RNW",-120.756704,"High",49.14995,2130.962158,"LUPIARC","herb",1
"247","02-3089_2025","02-3089","Manning Park Project 2025","2025",2025,"CML RNW",-120.756704,"High",49.14995,2130.962158,"ARNILAT","herb",1
"248","02-3089_2025","02-3089","Manning Park Project 2025","2025",2025,"CML RNW",-120.756704,"High",49.14995,2130.962158,"TONELYA","herb",1
"249","02-3089_2025","02-3089","Manning Park Project 2025","2025",2025,"CML RNW",-120.756704,"High",49.14995,2130.962158,"SILEPAR","herb",1
"250","02-3089_2025","02-3089","Manning Park Project 2025","2025",2025,"CML RNW",-120.756704,"High",49.14995,2130.962158,"PEDIBRA","herb",1
"251","02-3089_2025","02-3089","Manning Park Project 2025","2025",2025,"CML RNW",-120.756704,"High",49.14995,2130.962158,"ERIGAUR","herb",1
"252","02-3089_2025","02-3089","Manning Park Project 2025","2025",2025,"CML RNW",-120.756704,"High",49.14995,2130.962158,"VEROCUS","herb",1.4
"253","02-3089_2025","02-3089","Manning Park Project 2025","2025",2025,"CML RNW",-120.756704,"High",49.14995,2130.962158,"SAXIAUS","herb",1
"254","02-3089_2025","02-3089","Manning Park Project 2025","2025",2025,"CML RNW",-120.756704,"High",49.14995,2130.962158,"POTEGLU","herb",1
"255","02-3089_Error","02-3089","Manning Park Project 2025","Error",2025,"CML RNW",-120.756567,"Med-low",49.14953803,2124.682373,"PINUALB","tree",1
"256","02-3089_Error","02-3089","Manning Park Project 2025","Error",2025,"CML RNW",-120.756567,"Med-low",49.14953803,2124.682373,"ABIELAS","tree",1
"257","02-3089_Error","02-3089","Manning Park Project 2025","Error",2025,"CML RNW",-120.756567,"Med-low",49.14953803,2124.682373,"VACCSCO","shrub",20
"258","02-3089_Error","02-3089","Manning Park Project 2025","Error",2025,"CML RNW",-120.756567,"Med-low",49.14953803,2124.682373,"CASSMER","shrub",17.5
"259","02-3089_Error","02-3089","Manning Park Project 2025","Error",2025,"CML RNW",-120.756567,"Med-low",49.14953803,2124.682373,"PHYLEMP","shrub",1.5
"260","02-3089_Error","02-3089","Manning Park Project 2025","Error",2025,"CML RNW",-120.756567,"Med-low",49.14953803,2124.682373,"JUNICOM","shrub",1
"261","02-3089_Error","02-3089","Manning Park Project 2025","Error",2025,"CML RNW",-120.756567,"Med-low",49.14953803,2124.682373,"ANTELAN","herb",25.5
"262","02-3089_Error","02-3089","Manning Park Project 2025","Error",2025,"CML RNW",-120.756567,"Med-low",49.14953803,2124.682373,"HIERTRI","herb",2
"263","02-3089_Error","02-3089","Manning Park Project 2025","Error",2025,"CML RNW",-120.756567,"Med-low",49.14953803,2124.682373,"EREMCAP","herb",1.7
"264","02-3089_Error","02-3089","Manning Park Project 2025","Error",2025,"CML RNW",-120.756567,"Med-low",49.14953803,2124.682373,"CASTPAR","herb",1
"265","02-3089_Error","02-3089","Manning Park Project 2025","Error",2025,"CML RNW",-120.756567,"Med-low",49.14953803,2124.682373,"POTEFLA","herb",1.15
"266","02-3089_Error","02-3089","Manning Park Project 2025","Error",2025,"CML RNW",-120.756567,"Med-low",49.14953803,2124.682373,"VEROCUS","herb",1.15
"267","02-3089_Error","02-3089","Manning Park Project 2025","Error",2025,"CML RNW",-120.756567,"Med-low",49.14953803,2124.682373,"ARNIPAR","herb",1
"268","02-3089_Error","02-3089","Manning Park Project 2025","Error",2025,"CML RNW",-120.756567,"Med-low",49.14953803,2124.682373,"PEDIBRA","herb",1
"269","02-3089_Error","02-3089","Manning Park Project 2025","Error",2025,"CML RNW",-120.756567,"Med-low",49.14953803,2124.682373,"PENSPRO","herb",1
"270","02-3089_Error","02-3089","Manning Park Project 2025","Error",2025,"CML RNW",-120.756567,"Med-low",49.14953803,2124.682373,"LUPIARC","herb",1
"271","02-3089_Error","02-3089","Manning Park Project 2025","Error",2025,"CML RNW",-120.756567,"Med-low",49.14953803,2124.682373,"ERIGGLA","herb",1
"272","02-3089_Error","02-3089","Manning Park Project 2025","Error",2025,"CML RNW",-120.756567,"Med-low",49.14953803,2124.682373,"SILEPAR","herb",1
"273","02-3089_Error","02-3089","Manning Park Project 2025","Error",2025,"CML RNW",-120.756567,"Med-low",49.14953803,2124.682373,"POTEGLU","herb",1
"274","02-3089_Error","02-3089","Manning Park Project 2025","Error",2025,"CML RNW",-120.756567,"Med-low",49.14953803,2124.682373,"PHLODIF","herb",1
"275","02-3089_Error","02-3089","Manning Park Project 2025","Error",2025,"CML RNW",-120.756567,"Med-low",49.14953803,2124.682373,"ERIGAUR","herb",1
"276","02-3089_Error","02-3089","Manning Park Project 2025","Error",2025,"CML RNW",-120.756567,"Med-low",49.14953803,2124.682373,"LUETPEC","shrub",10
"277","02-3089_Error","02-3089","Manning Park Project 2025","Error",2025,"CML RNW",-120.756567,"Med-low",49.14953803,2124.682373,"ARNILAT","herb",1
"278","12-2000_2025","12-2000","Manning Park Project 2025","2025",2025,"CML RNW",-120.763807,"High",49.13547403,1956.121094,"ABIELAS","tree",9.5
"279","12-2000_2025","12-2000","Manning Park Project 2025","2025",2025,"CML RNW",-120.763807,"High",49.13547403,1956.121094,"PICEENG","tree",10.5
"280","12-2000_2025","12-2000","Manning Park Project 2025","2025",2025,"CML RNW",-120.763807,"High",49.13547403,1956.121094,"VACCSCO","shrub",1
"281","12-2000_2025","12-2000","Manning Park Project 2025","2025",2025,"CML RNW",-120.763807,"High",49.13547403,1956.121094,"VACCDEL","shrub",3.5
"282","12-2000_2025","12-2000","Manning Park Project 2025","2025",2025,"CML RNW",-120.763807,"High",49.13547403,1956.121094,"PHYLEMP","shrub",1
"283","12-2000_2025","12-2000","Manning Park Project 2025","2025",2025,"CML RNW",-120.763807,"High",49.13547403,1956.121094,"VERAVIR","herb",13
"284","12-2000_2025","12-2000","Manning Park Project 2025","2025",2025,"CML RNW",-120.763807,"High",49.13547403,1956.121094,"VALESIT","herb",26
"285","12-2000_2025","12-2000","Manning Park Project 2025","2025",2025,"CML RNW",-120.763807,"High",49.13547403,1956.121094,"ARNILAT","herb",5
"286","12-2000_2025","12-2000","Manning Park Project 2025","2025",2025,"CML RNW",-120.763807,"High",49.13547403,1956.121094,"PULSOCC","herb",4.5
"287","12-2000_2025","12-2000","Manning Park Project 2025","2025",2025,"CML RNW",-120.763807,"High",49.13547403,1956.121094,"ERIGGLA","herb",12.5
"288","12-2000_2025","12-2000","Manning Park Project 2025","2025",2025,"CML RNW",-120.763807,"High",49.13547403,1956.121094,"LUPIARC","herb",3
"289","12-2000_2025","12-2000","Manning Park Project 2025","2025",2025,"CML RNW",-120.763807,"High",49.13547403,1956.121094,"TROLALB","herb",4.5
"290","12-2000_2025","12-2000","Manning Park Project 2025","2025",2025,"CML RNW",-120.763807,"High",49.13547403,1956.121094,"ORTHSEC","herb",1
"291","12-2000_2025","12-2000","Manning Park Project 2025","2025",2025,"CML RNW",-120.763807,"High",49.13547403,1956.121094,"GOODOBL","herb",1
"292","12-2000_2025","12-2000","Manning Park Project 2025","2025",2025,"CML RNW",-120.763807,"High",49.13547403,1956.121094,"POTEFLA","herb",2.5
"293","12-2000_2025","12-2000","Manning Park Project 2025","2025",2025,"CML RNW",-120.763807,"High",49.13547403,1956.121094,"EPILGLA","herb",1
"294","12-2000_2025","12-2000","Manning Park Project 2025","2025",2025,"CML RNW",-120.763807,"High",49.13547403,1956.121094,"THALOCC","herb",3.5
"295","12-2000_2025","12-2000","Manning Park Project 2025","2025",2025,"CML RNW",-120.763807,"High",49.13547403,1956.121094,"SENETRI","herb",2.75
"296","12-2000_2025","12-2000","Manning Park Project 2025","2025",2025,"CML RNW",-120.763807,"High",49.13547403,1956.121094,"HERAMAX","herb",1
"297","12-2000_2025","12-2000","Manning Park Project 2025","2025",2025,"CML RNW",-120.763807,"High",49.13547403,1956.121094,"ANGEARG","herb",1
"298","12-2000_2025","12-2000","Manning Park Project 2025","2025",2025,"CML RNW",-120.763807,"High",49.13547403,1956.121094,"PEDIBRA","herb",2.3
"299","12-2000_2025","12-2000","Manning Park Project 2025","2025",2025,"CML RNW",-120.763807,"High",49.13547403,1956.121094,"CHAMANG","herb",1
"300","12-2000_2025","12-2000","Manning Park Project 2025","2025",2025,"CML RNW",-120.763807,"High",49.13547403,1956.121094,"PARNFIM","herb",1
"301","12-2000_2025","12-2000","Manning Park Project 2025","2025",2025,"CML RNW",-120.763807,"High",49.13547403,1956.121094,"ARNICOR","herb",1
"302","12-2000_2025","12-2000","Manning Park Project 2025","2025",2025,"CML RNW",-120.763807,"High",49.13547403,1956.121094,"ARNIPAR","herb",1
"303","12-2000_2025","12-2000","Manning Park Project 2025","2025",2025,"CML RNW",-120.763807,"High",49.13547403,1956.121094,"ERYTGRA","herb",1
"304","12-2000_2025","12-2000","Manning Park Project 2025","2025",2025,"CML RNW",-120.763807,"High",49.13547403,1956.121094,"HIERALB","herb",1
"305","12-2000_Error","12-2000","Manning Park Project 2025","Error",2025,"CML RNW",-120.762864,"High",49.13545702,1953.594971,"PICEENG","tree",43.5
"306","12-2000_Error","12-2000","Manning Park Project 2025","Error",2025,"CML RNW",-120.762864,"High",49.13545702,1953.594971,"ABIELAS","tree",47.5
"307","12-2000_Error","12-2000","Manning Park Project 2025","Error",2025,"CML RNW",-120.762864,"High",49.13545702,1953.594971,"PINUCON","tree",1.5
"308","12-2000_Error","12-2000","Manning Park Project 2025","Error",2025,"CML RNW",-120.762864,"High",49.13545702,1953.594971,"VACCSCO","shrub",9.5
"309","12-2000_Error","12-2000","Manning Park Project 2025","Error",2025,"CML RNW",-120.762864,"High",49.13545702,1953.594971,"VACCDEL","shrub",2
"310","12-2000_Error","12-2000","Manning Park Project 2025","Error",2025,"CML RNW",-120.762864,"High",49.13545702,1953.594971,"PAXIMYR","shrub",1
"311","12-2000_Error","12-2000","Manning Park Project 2025","Error",2025,"CML RNW",-120.762864,"High",49.13545702,1953.594971,"PHYLEMP","shrub",1
"312","12-2000_Error","12-2000","Manning Park Project 2025","Error",2025,"CML RNW",-120.762864,"High",49.13545702,1953.594971,"VACCCAE","shrub",1
"313","12-2000_Error","12-2000","Manning Park Project 2025","Error",2025,"CML RNW",-120.762864,"High",49.13545702,1953.594971,"VACCMEM","shrub",1
"314","12-2000_Error","12-2000","Manning Park Project 2025","Error",2025,"CML RNW",-120.762864,"High",49.13545702,1953.594971,"VALESIT","herb",17.5
"315","12-2000_Error","12-2000","Manning Park Project 2025","Error",2025,"CML RNW",-120.762864,"High",49.13545702,1953.594971,"ARNILAT","herb",4.5
"316","12-2000_Error","12-2000","Manning Park Project 2025","Error",2025,"CML RNW",-120.762864,"High",49.13545702,1953.594971,"ERIGGLA","herb",2
"317","12-2000_Error","12-2000","Manning Park Project 2025","Error",2025,"CML RNW",-120.762864,"High",49.13545702,1953.594971,"VERAVIR","herb",1
"318","12-2000_Error","12-2000","Manning Park Project 2025","Error",2025,"CML RNW",-120.762864,"High",49.13545702,1953.594971,"ERYTGRA","herb",1
"319","12-2000_Error","12-2000","Manning Park Project 2025","Error",2025,"CML RNW",-120.762864,"High",49.13545702,1953.594971,"ARNIPAR","herb",2
"320","12-2000_Error","12-2000","Manning Park Project 2025","Error",2025,"CML RNW",-120.762864,"High",49.13545702,1953.594971,"THALOCC","herb",4
"321","12-2000_Error","12-2000","Manning Park Project 2025","Error",2025,"CML RNW",-120.762864,"High",49.13545702,1953.594971,"LILICOL","herb",1
"322","12-2000_Error","12-2000","Manning Park Project 2025","Error",2025,"CML RNW",-120.762864,"High",49.13545702,1953.594971,"SENETRI","herb",1
"323","12-2000_Error","12-2000","Manning Park Project 2025","Error",2025,"CML RNW",-120.762864,"High",49.13545702,1953.594971,"ORTHSEC","herb",1
"324","12-2000_Error","12-2000","Manning Park Project 2025","Error",2025,"CML RNW",-120.762864,"High",49.13545702,1953.594971,"LUPIARC","herb",3
"325","12-2000_Error","12-2000","Manning Park Project 2025","Error",2025,"CML RNW",-120.762864,"High",49.13545702,1953.594971,"PEDIBRA","herb",1
"326","12-2000_Error","12-2000","Manning Park Project 2025","Error",2025,"CML RNW",-120.762864,"High",49.13545702,1953.594971,"PEDIRAC","herb",1
"327","12-2000_Error","12-2000","Manning Park Project 2025","Error",2025,"CML RNW",-120.762864,"High",49.13545702,1953.594971,"POTEFLA","herb",1
"328","12-2000_Error","12-2000","Manning Park Project 2025","Error",2025,"CML RNW",-120.762864,"High",49.13545702,1953.594971,"TROLALB","herb",1
"329","12-2000_Error","12-2000","Manning Park Project 2025","Error",2025,"CML RNW",-120.762864,"High",49.13545702,1953.594971,"ANGEARG","herb",1
"330","12-2000_Error","12-2000","Manning Park Project 2025","Error",2025,"CML RNW",-120.762864,"High",49.13545702,1953.594971,"EPILGLA","herb",1
"331","12-2000_Error","12-2000","Manning Park Project 2025","Error",2025,"CML RNW",-120.762864,"High",49.13545702,1953.594971,"PULSOCC","herb",1
"332","12-2000_Error","12-2000","Manning Park Project 2025","Error",2025,"CML RNW",-120.762864,"High",49.13545702,1953.594971,"ACHIMIL","herb",1
"333","12-2000_Error","12-2000","Manning Park Project 2025","Error",2025,"CML RNW",-120.762864,"High",49.13545702,1953.594971,"CHAMANG","herb",1
"334","12-2000_Error","12-2000","Manning Park Project 2025","Error",2025,"CML RNW",-120.762864,"High",49.13545702,1953.594971,"HIERALB","herb",1
"335","12-2000_Error","12-2000","Manning Park Project 2025","Error",2025,"CML RNW",-120.762864,"High",49.13545702,1953.594971,"GOODOBL","herb",1
"336","14-4316_2025","14-4316","Manning Park Project 2025","2025",2025,"CML RNW",-120.764678,"High",49.03959,1546.151611,"PICEENG","tree",3
"337","14-4316_2025","14-4316","Manning Park Project 2025","2025",2025,"CML RNW",-120.764678,"High",49.03959,1546.151611,"ABIELAS","tree",34.5
"338","14-4316_2025","14-4316","Manning Park Project 2025","2025",2025,"CML RNW",-120.764678,"High",49.03959,1546.151611,"ABIEAMA","tree",1
"339","14-4316_2025","14-4316","Manning Park Project 2025","2025",2025,"CML RNW",-120.764678,"High",49.03959,1546.151611,"RUBUPAR","shrub",44
"340","14-4316_2025","14-4316","Manning Park Project 2025","2025",2025,"CML RNW",-120.764678,"High",49.03959,1546.151611,"VACCMEM","shrub",5.5
"341","14-4316_2025","14-4316","Manning Park Project 2025","2025",2025,"CML RNW",-120.764678,"High",49.03959,1546.151611,"PAXIMYR","shrub",7
"342","14-4316_2025","14-4316","Manning Park Project 2025","2025",2025,"CML RNW",-120.764678,"High",49.03959,1546.151611,"RIBELAC","shrub",6.5
"343","14-4316_2025","14-4316","Manning Park Project 2025","2025",2025,"CML RNW",-120.764678,"High",49.03959,1546.151611,"LONIUTA","shrub",13
"344","14-4316_2025","14-4316","Manning Park Project 2025","2025",2025,"CML RNW",-120.764678,"High",49.03959,1546.151611,"LONIINV","shrub",1.7
"345","14-4316_2025","14-4316","Manning Park Project 2025","2025",2025,"CML RNW",-120.764678,"High",49.03959,1546.151611,"SORBSIT","shrub",1
"346","14-4316_2025","14-4316","Manning Park Project 2025","2025",2025,"CML RNW",-120.764678,"High",49.03959,1546.151611,"RHODALB","shrub",4.5
"347","14-4316_2025","14-4316","Manning Park Project 2025","2025",2025,"CML RNW",-120.764678,"High",49.03959,1546.151611,"VACCSCO","shrub",1
"348","14-4316_2025","14-4316","Manning Park Project 2025","2025",2025,"CML RNW",-120.764678,"High",49.03959,1546.151611,"SORBSCO","shrub",1
"349","14-4316_2025","14-4316","Manning Park Project 2025","2025",2025,"CML RNW",-120.764678,"High",49.03959,1546.151611,"CHAMANG","herb",3.5
"350","14-4316_2025","14-4316","Manning Park Project 2025","2025",2025,"CML RNW",-120.764678,"High",49.03959,1546.151611,"STRELAN","herb",14.5
"351","14-4316_2025","14-4316","Manning Park Project 2025","2025",2025,"CML RNW",-120.764678,"High",49.03959,1546.151611,"THALOCC","herb",14
"352","14-4316_2025","14-4316","Manning Park Project 2025","2025",2025,"CML RNW",-120.764678,"High",49.03959,1546.151611,"ARNILAT","herb",3
"353","14-4316_2025","14-4316","Manning Park Project 2025","2025",2025,"CML RNW",-120.764678,"High",49.03959,1546.151611,"VALESIT","herb",29
"354","14-4316_2025","14-4316","Manning Park Project 2025","2025",2025,"CML RNW",-120.764678,"High",49.03959,1546.151611,"HERAMAX","herb",1
"355","14-4316_2025","14-4316","Manning Park Project 2025","2025",2025,"CML RNW",-120.764678,"High",49.03959,1546.151611,"VERAVIR","herb",1.5
"356","14-4316_2025","14-4316","Manning Park Project 2025","2025",2025,"CML RNW",-120.764678,"High",49.03959,1546.151611,"TIARTRI","herb",2
"357","14-4316_2025","14-4316","Manning Park Project 2025","2025",2025,"CML RNW",-120.764678,"High",49.03959,1546.151611,"ACONCOL","herb",1
"358","14-4316_2025","14-4316","Manning Park Project 2025","2025",2025,"CML RNW",-120.764678,"High",49.03959,1546.151611,"ORTHSEC","herb",1
"359","14-4316_2025","14-4316","Manning Park Project 2025","2025",2025,"CML RNW",-120.764678,"High",49.03959,1546.151611,"TROLALB","herb",1
"360","14-4316_2025","14-4316","Manning Park Project 2025","2025",2025,"CML RNW",-120.764678,"High",49.03959,1546.151611,"RUBUPED","herb",5
"361","14-4316_2025","14-4316","Manning Park Project 2025","2025",2025,"CML RNW",-120.764678,"High",49.03959,1546.151611,"GALITRF","herb",1.4
"362","14-4316_2025","14-4316","Manning Park Project 2025","2025",2025,"CML RNW",-120.764678,"High",49.03959,1546.151611,"PYROASA","herb",1
"363","14-4316_2025","14-4316","Manning Park Project 2025","2025",2025,"CML RNW",-120.764678,"High",49.03959,1546.151611,"EQUIARV","herb",15.15
"364","14-4316_2025","14-4316","Manning Park Project 2025","2025",2025,"CML RNW",-120.764678,"High",49.03959,1546.151611,"FRAGVIR","herb",1
"365","14-4316_2025","14-4316","Manning Park Project 2025","2025",2025,"CML RNW",-120.764678,"High",49.03959,1546.151611,"OSMOCHI","herb",1
"366","14-4316_2025","14-4316","Manning Park Project 2025","2025",2025,"CML RNW",-120.764678,"High",49.03959,1546.151611,"ACTARUB","herb",2
"367","14-4316_2025","14-4316","Manning Park Project 2025","2025",2025,"CML RNW",-120.764678,"High",49.03959,1546.151611,"ANGEGEN","herb",1
"368","14-4316_2025","14-4316","Manning Park Project 2025","2025",2025,"CML RNW",-120.764678,"High",49.03959,1546.151611,"PLATSTR","herb",1
"369","14-4316_2025","14-4316","Manning Park Project 2025","2025",2025,"CML RNW",-120.764678,"High",49.03959,1546.151611,"CLINUNI","herb",1.7
"370","14-4316_2025","14-4316","Manning Park Project 2025","2025",2025,"CML RNW",-120.764678,"High",49.03959,1546.151611,"STREAMP","herb",1
"371","14-4316_2025","14-4316","Manning Park Project 2025","2025",2025,"CML RNW",-120.764678,"High",49.03959,1546.151611,"ARNICOR","herb",1
"372","14-4316_2025","14-4316","Manning Park Project 2025","2025",2025,"CML RNW",-120.764678,"High",49.03959,1546.151611,"NEOTCOR","herb",1
"373","14-4316_2025","14-4316","Manning Park Project 2025","2025",2025,"CML RNW",-120.764678,"High",49.03959,1546.151611,"GOODOBL","herb",1
"374","14-4316_2025","14-4316","Manning Park Project 2025","2025",2025,"CML RNW",-120.764678,"High",49.03959,1546.151611,"PARNFIM","herb",1
"375","14-4316_2025","14-4316","Manning Park Project 2025","2025",2025,"CML RNW",-120.764678,"High",49.03959,1546.151611,"ANGEARG","herb",1
"376","14-4316_2025","14-4316","Manning Park Project 2025","2025",2025,"CML RNW",-120.764678,"High",49.03959,1546.151611,"SYMPFOL","herb",1
"377","14-4316_2025","14-4316","Manning Park Project 2025","2025",2025,"CML RNW",-120.764678,"High",49.03959,1546.151611,"CLAYPER","herb",1
"378","14-4316_2025","14-4316","Manning Park Project 2025","2025",2025,"CML RNW",-120.764678,"High",49.03959,1546.151611,"ANEMGRA","herb",1
"379","14-4316_Error","14-4316","Manning Park Project 2025","Error",2025,"CML RNW",-120.765186,"Med-High",49.04008403,1557.805664,"ABIELAS","tree",15.5
"380","14-4316_Error","14-4316","Manning Park Project 2025","Error",2025,"CML RNW",-120.765186,"Med-High",49.04008403,1557.805664,"PICEENG","tree",11
"381","14-4316_Error","14-4316","Manning Park Project 2025","Error",2025,"CML RNW",-120.765186,"Med-High",49.04008403,1557.805664,"ABIEAMA","tree",1
"382","14-4316_Error","14-4316","Manning Park Project 2025","Error",2025,"CML RNW",-120.765186,"Med-High",49.04008403,1557.805664,"RUBUPAR","shrub",1
"383","14-4316_Error","14-4316","Manning Park Project 2025","Error",2025,"CML RNW",-120.765186,"Med-High",49.04008403,1557.805664,"VACCMEM","shrub",4
"384","14-4316_Error","14-4316","Manning Park Project 2025","Error",2025,"CML RNW",-120.765186,"Med-High",49.04008403,1557.805664,"RIBELAC","shrub",6
"385","14-4316_Error","14-4316","Manning Park Project 2025","Error",2025,"CML RNW",-120.765186,"Med-High",49.04008403,1557.805664,"SORBSIT","shrub",2.5
"386","14-4316_Error","14-4316","Manning Park Project 2025","Error",2025,"CML RNW",-120.765186,"Med-High",49.04008403,1557.805664,"PAXIMYR","shrub",1
"387","14-4316_Error","14-4316","Manning Park Project 2025","Error",2025,"CML RNW",-120.765186,"Med-High",49.04008403,1557.805664,"LONIUTA","shrub",2
"388","14-4316_Error","14-4316","Manning Park Project 2025","Error",2025,"CML RNW",-120.765186,"Med-High",49.04008403,1557.805664,"SORBSCO","shrub",1
"389","14-4316_Error","14-4316","Manning Park Project 2025","Error",2025,"CML RNW",-120.765186,"Med-High",49.04008403,1557.805664,"LONIINV","shrub",1
"390","14-4316_Error","14-4316","Manning Park Project 2025","Error",2025,"CML RNW",-120.765186,"Med-High",49.04008403,1557.805664,"RHODALB","shrub",14
"391","14-4316_Error","14-4316","Manning Park Project 2025","Error",2025,"CML RNW",-120.765186,"Med-High",49.04008403,1557.805664,"VACCSCO","shrub",1
"392","14-4316_Error","14-4316","Manning Park Project 2025","Error",2025,"CML RNW",-120.765186,"Med-High",49.04008403,1557.805664,"EQUIARV","herb",32
"393","14-4316_Error","14-4316","Manning Park Project 2025","Error",2025,"CML RNW",-120.765186,"Med-High",49.04008403,1557.805664,"SYMPFOL","herb",11
"394","14-4316_Error","14-4316","Manning Park Project 2025","Error",2025,"CML RNW",-120.765186,"Med-High",49.04008403,1557.805664,"ARNILAT","herb",2.5
"395","14-4316_Error","14-4316","Manning Park Project 2025","Error",2025,"CML RNW",-120.765186,"Med-High",49.04008403,1557.805664,"VALESIT","herb",24.5
"396","14-4316_Error","14-4316","Manning Park Project 2025","Error",2025,"CML RNW",-120.765186,"Med-High",49.04008403,1557.805664,"STRELAN","herb",13
"397","14-4316_Error","14-4316","Manning Park Project 2025","Error",2025,"CML RNW",-120.765186,"Med-High",49.04008403,1557.805664,"CHAMANG","herb",1
"398","14-4316_Error","14-4316","Manning Park Project 2025","Error",2025,"CML RNW",-120.765186,"Med-High",49.04008403,1557.805664,"SENETRI","herb",1.5
"399","14-4316_Error","14-4316","Manning Park Project 2025","Error",2025,"CML RNW",-120.765186,"Med-High",49.04008403,1557.805664,"ATHYFIL","herb",1
"400","14-4316_Error","14-4316","Manning Park Project 2025","Error",2025,"CML RNW",-120.765186,"Med-High",49.04008403,1557.805664,"RUBUPED","herb",12.5
"401","14-4316_Error","14-4316","Manning Park Project 2025","Error",2025,"CML RNW",-120.765186,"Med-High",49.04008403,1557.805664,"TIARTRI","herb",3
"402","14-4316_Error","14-4316","Manning Park Project 2025","Error",2025,"CML RNW",-120.765186,"Med-High",49.04008403,1557.805664,"ARNICOR","herb",1
"403","14-4316_Error","14-4316","Manning Park Project 2025","Error",2025,"CML RNW",-120.765186,"Med-High",49.04008403,1557.805664,"CLINUNI","herb",1
"404","14-4316_Error","14-4316","Manning Park Project 2025","Error",2025,"CML RNW",-120.765186,"Med-High",49.04008403,1557.805664,"ORTHSEC","herb",1
"405","14-4316_Error","14-4316","Manning Park Project 2025","Error",2025,"CML RNW",-120.765186,"Med-High",49.04008403,1557.805664,"PYROASA","herb",1
"406","14-4316_Error","14-4316","Manning Park Project 2025","Error",2025,"CML RNW",-120.765186,"Med-High",49.04008403,1557.805664,"PLATSTR","herb",1
"407","14-4316_Error","14-4316","Manning Park Project 2025","Error",2025,"CML RNW",-120.765186,"Med-High",49.04008403,1557.805664,"MICRODO","herb",3.05
"408","14-4316_Error","14-4316","Manning Park Project 2025","Error",2025,"CML RNW",-120.765186,"Med-High",49.04008403,1557.805664,"GALITRF","herb",1
"409","14-4316_Error","14-4316","Manning Park Project 2025","Error",2025,"CML RNW",-120.765186,"Med-High",49.04008403,1557.805664,"NEOTCOR","herb",1
"410","14-4316_Error","14-4316","Manning Park Project 2025","Error",2025,"CML RNW",-120.765186,"Med-High",49.04008403,1557.805664,"TROLALB","herb",1
"411","14-4316_Error","14-4316","Manning Park Project 2025","Error",2025,"CML RNW",-120.765186,"Med-High",49.04008403,1557.805664,"VERAVIR","herb",9
"412","14-4316_Error","14-4316","Manning Park Project 2025","Error",2025,"CML RNW",-120.765186,"Med-High",49.04008403,1557.805664,"OSMOCHI","herb",1
"413","14-4316_Error","14-4316","Manning Park Project 2025","Error",2025,"CML RNW",-120.765186,"Med-High",49.04008403,1557.805664,"THALOCC","herb",1
"414","14-4316_Error","14-4316","Manning Park Project 2025","Error",2025,"CML RNW",-120.765186,"Med-High",49.04008403,1557.805664,"LEPTPYR","herb",1
"415","14-4316_Error","14-4316","Manning Park Project 2025","Error",2025,"CML RNW",-120.765186,"Med-High",49.04008403,1557.805664,"STREAMP","herb",1
"416","14-4316_Error","14-4316","Manning Park Project 2025","Error",2025,"CML RNW",-120.765186,"Med-High",49.04008403,1557.805664,"ANEMGRA","herb",1
"417","14-4316_Error","14-4316","Manning Park Project 2025","Error",2025,"CML RNW",-120.765186,"Med-High",49.04008403,1557.805664,"GYMNDRY","herb",1
"418","14-4316_Error","14-4316","Manning Park Project 2025","Error",2025,"CML RNW",-120.765186,"Med-High",49.04008403,1557.805664,"ACTARUB","herb",1
"419","14-4317_2025","14-4317","Manning Park Project 2025","2025",2025,"CML RNW",-120.764637,"High",49.04947403,1554.978394,"ABIELAS","tree",27
"420","14-4317_2025","14-4317","Manning Park Project 2025","2025",2025,"CML RNW",-120.764637,"High",49.04947403,1554.978394,"PICEENG","tree",7.5
"421","14-4317_2025","14-4317","Manning Park Project 2025","2025",2025,"CML RNW",-120.764637,"High",49.04947403,1554.978394,"PSEUMEN","tree",3.5
"422","14-4317_2025","14-4317","Manning Park Project 2025","2025",2025,"CML RNW",-120.764637,"High",49.04947403,1554.978394,"TSUGHET","tree",3.5
"423","14-4317_2025","14-4317","Manning Park Project 2025","2025",2025,"CML RNW",-120.764637,"High",49.04947403,1554.978394,"ABIEAMA","tree",1.5
"424","14-4317_2025","14-4317","Manning Park Project 2025","2025",2025,"CML RNW",-120.764637,"High",49.04947403,1554.978394,"PAXIMYR","shrub",17
"425","14-4317_2025","14-4317","Manning Park Project 2025","2025",2025,"CML RNW",-120.764637,"High",49.04947403,1554.978394,"VACCSCO","shrub",30
"426","14-4317_2025","14-4317","Manning Park Project 2025","2025",2025,"CML RNW",-120.764637,"High",49.04947403,1554.978394,"RHODALB","shrub",1
"427","14-4317_2025","14-4317","Manning Park Project 2025","2025",2025,"CML RNW",-120.764637,"High",49.04947403,1554.978394,"VACCMEM","shrub",11
"428","14-4317_2025","14-4317","Manning Park Project 2025","2025",2025,"CML RNW",-120.764637,"High",49.04947403,1554.978394,"SPIRLUC","shrub",4.75
"429","14-4317_2025","14-4317","Manning Park Project 2025","2025",2025,"CML RNW",-120.764637,"High",49.04947403,1554.978394,"SORBSCO","shrub",2.5
"430","14-4317_2025","14-4317","Manning Park Project 2025","2025",2025,"CML RNW",-120.764637,"High",49.04947403,1554.978394,"AMELALN","shrub",1.5
"431","14-4317_2025","14-4317","Manning Park Project 2025","2025",2025,"CML RNW",-120.764637,"High",49.04947403,1554.978394,"RIBEVIS","shrub",1
"432","14-4317_2025","14-4317","Manning Park Project 2025","2025",2025,"CML RNW",-120.764637,"High",49.04947403,1554.978394,"LONIUTA","shrub",1.5
"433","14-4317_2025","14-4317","Manning Park Project 2025","2025",2025,"CML RNW",-120.764637,"High",49.04947403,1554.978394,"LUPIARC","herb",8.5
"434","14-4317_2025","14-4317","Manning Park Project 2025","2025",2025,"CML RNW",-120.764637,"High",49.04947403,1554.978394,"PEDIRAC","herb",2
"435","14-4317_2025","14-4317","Manning Park Project 2025","2025",2025,"CML RNW",-120.764637,"High",49.04947403,1554.978394,"PEDIBRA","herb",1
"436","14-4317_2025","14-4317","Manning Park Project 2025","2025",2025,"CML RNW",-120.764637,"High",49.04947403,1554.978394,"HIERALB","herb",1
"437","14-4317_2025","14-4317","Manning Park Project 2025","2025",2025,"CML RNW",-120.764637,"High",49.04947403,1554.978394,"ORTHSEC","herb",2
"438","14-4317_2025","14-4317","Manning Park Project 2025","2025",2025,"CML RNW",-120.764637,"High",49.04947403,1554.978394,"SYMPFOL","herb",1
"439","14-4317_2025","14-4317","Manning Park Project 2025","2025",2025,"CML RNW",-120.764637,"High",49.04947403,1554.978394,"ARNICOR","herb",1
"440","14-4317_2025","14-4317","Manning Park Project 2025","2025",2025,"CML RNW",-120.764637,"High",49.04947403,1554.978394,"GOODOBL","herb",1
"441","14-4317_2025","14-4317","Manning Park Project 2025","2025",2025,"CML RNW",-120.764637,"High",49.04947403,1554.978394,"CHIMUMB","shrub",1
"442","14-4317_2025","14-4317","Manning Park Project 2025","2025",2025,"CML RNW",-120.764637,"High",49.04947403,1554.978394,"CHAMANG","herb",1
"443","14-4317_2025","14-4317","Manning Park Project 2025","2025",2025,"CML RNW",-120.764637,"High",49.04947403,1554.978394,"ERYTGRA","herb",1
"444","14-4317_2025","14-4317","Manning Park Project 2025","2025",2025,"CML RNW",-120.764637,"High",49.04947403,1554.978394,"ARNILAT","herb",1
"445","14-4317_2025","14-4317","Manning Park Project 2025","2025",2025,"CML RNW",-120.764637,"High",49.04947403,1554.978394,"VALESIT","herb",1
"446","14-4317_Error","14-4317","Manning Park Project 2025","Error",2025,"CML RNW",-120.764562,"Med-High",49.05003796,1551.628784,"PICEENG","tree",5.5
"447","14-4317_Error","14-4317","Manning Park Project 2025","Error",2025,"CML RNW",-120.764562,"Med-High",49.05003796,1551.628784,"ABIELAS","tree",13.75
"448","14-4317_Error","14-4317","Manning Park Project 2025","Error",2025,"CML RNW",-120.764562,"Med-High",49.05003796,1551.628784,"PSEUMEN","tree",2
"449","14-4317_Error","14-4317","Manning Park Project 2025","Error",2025,"CML RNW",-120.764562,"Med-High",49.05003796,1551.628784,"PINUCON","tree",6.15
"450","14-4317_Error","14-4317","Manning Park Project 2025","Error",2025,"CML RNW",-120.764562,"Med-High",49.05003796,1551.628784,"PAXIMYR","shrub",7.5
"451","14-4317_Error","14-4317","Manning Park Project 2025","Error",2025,"CML RNW",-120.764562,"Med-High",49.05003796,1551.628784,"VACCSCO","shrub",49
"452","14-4317_Error","14-4317","Manning Park Project 2025","Error",2025,"CML RNW",-120.764562,"Med-High",49.05003796,1551.628784,"VACCMEM","shrub",22
"453","14-4317_Error","14-4317","Manning Park Project 2025","Error",2025,"CML RNW",-120.764562,"Med-High",49.05003796,1551.628784,"SPIRLUC","shrub",3.5
"454","14-4317_Error","14-4317","Manning Park Project 2025","Error",2025,"CML RNW",-120.764562,"Med-High",49.05003796,1551.628784,"SORBSCO","shrub",1
"455","14-4317_Error","14-4317","Manning Park Project 2025","Error",2025,"CML RNW",-120.764562,"Med-High",49.05003796,1551.628784,"LONIUTA","shrub",1
"456","14-4317_Error","14-4317","Manning Park Project 2025","Error",2025,"CML RNW",-120.764562,"Med-High",49.05003796,1551.628784,"AMELALN","shrub",1
"457","14-4317_Error","14-4317","Manning Park Project 2025","Error",2025,"CML RNW",-120.764562,"Med-High",49.05003796,1551.628784,"RHODALB","shrub",1
"458","14-4317_Error","14-4317","Manning Park Project 2025","Error",2025,"CML RNW",-120.764562,"Med-High",49.05003796,1551.628784,"LUPIARC","herb",4.5
"459","14-4317_Error","14-4317","Manning Park Project 2025","Error",2025,"CML RNW",-120.764562,"Med-High",49.05003796,1551.628784,"PEDIRAC","herb",1.5
"460","14-4317_Error","14-4317","Manning Park Project 2025","Error",2025,"CML RNW",-120.764562,"Med-High",49.05003796,1551.628784,"ORTHSEC","herb",1
"461","14-4317_Error","14-4317","Manning Park Project 2025","Error",2025,"CML RNW",-120.764562,"Med-High",49.05003796,1551.628784,"CHIMUMB","shrub",1
"462","14-4317_Error","14-4317","Manning Park Project 2025","Error",2025,"CML RNW",-120.764562,"Med-High",49.05003796,1551.628784,"HIERALB","herb",1
"463","14-4317_Error","14-4317","Manning Park Project 2025","Error",2025,"CML RNW",-120.764562,"Med-High",49.05003796,1551.628784,"ARNICOR","herb",1
"464","14-4317_Error","14-4317","Manning Park Project 2025","Error",2025,"CML RNW",-120.764562,"Med-High",49.05003796,1551.628784,"CHAMANG","herb",1
"465","14-4317_Error","14-4317","Manning Park Project 2025","Error",2025,"CML RNW",-120.764562,"Med-High",49.05003796,1551.628784,"GOODOBL","herb",1
"466","14-4317_Error","14-4317","Manning Park Project 2025","Error",2025,"CML RNW",-120.764562,"Med-High",49.05003796,1551.628784,"SYMPFOL","herb",1
"467","14-4317_Error","14-4317","Manning Park Project 2025","Error",2025,"CML RNW",-120.764562,"Med-High",49.05003796,1551.628784,"ARNILAT","herb",1
"468","14-4317_Error","14-4317","Manning Park Project 2025","Error",2025,"CML RNW",-120.764562,"Med-High",49.05003796,1551.628784,"ERYTGRA","herb",1
"469","14-4320_2025","14-4320","Manning Park Project 2025","2025",2025,"CML RNW",-120.771043,"High",49.07690699,1819.606201,"ARCTUVA","shrub",1
"470","14-4320_2025","14-4320","Manning Park Project 2025","2025",2025,"CML RNW",-120.771043,"High",49.07690699,1819.606201,"PAXIMYR","shrub",1
"471","14-4320_2025","14-4320","Manning Park Project 2025","2025",2025,"CML RNW",-120.771043,"High",49.07690699,1819.606201,"JUNICOM","shrub",1
"472","14-4320_2025","14-4320","Manning Park Project 2025","2025",2025,"CML RNW",-120.771043,"High",49.07690699,1819.606201,"SPIRLUC","shrub",1
"473","14-4320_2025","14-4320","Manning Park Project 2025","2025",2025,"CML RNW",-120.771043,"High",49.07690699,1819.606201,"PENSFRU","herb",1.8
"474","14-4320_2025","14-4320","Manning Park Project 2025","2025",2025,"CML RNW",-120.771043,"High",49.07690699,1819.606201,"SEDUDIV","herb",1
"475","14-4320_2025","14-4320","Manning Park Project 2025","2025",2025,"CML RNW",-120.771043,"High",49.07690699,1819.606201,"SEDULAN","herb",1
"476","14-4320_2025","14-4320","Manning Park Project 2025","2025",2025,"CML RNW",-120.771043,"High",49.07690699,1819.606201,"HEUCCYL","herb",1
"477","14-4320_2025","14-4320","Manning Park Project 2025","2025",2025,"CML RNW",-120.771043,"High",49.07690699,1819.606201,"ERIOUMB","herb",1.6
"478","14-4320_2025","14-4320","Manning Park Project 2025","2025",2025,"CML RNW",-120.771043,"High",49.07690699,1819.606201,"ERIGCOM","herb",4.5
"479","14-4320_2025","14-4320","Manning Park Project 2025","2025",2025,"CML RNW",-120.771043,"High",49.07690699,1819.606201,"ACHIMIL","herb",1
"480","14-4320_2025","14-4320","Manning Park Project 2025","2025",2025,"CML RNW",-120.771043,"High",49.07690699,1819.606201,"SILEPAR","herb",1
"481","14-4320_2025","14-4320","Manning Park Project 2025","2025",2025,"CML RNW",-120.771043,"High",49.07690699,1819.606201,"EREMCAP","herb",1.1
"482","14-4320_2025","14-4320","Manning Park Project 2025","2025",2025,"CML RNW",-120.771043,"High",49.07690699,1819.606201,"PHLODIF","herb",1
"483","14-4320_2025","14-4320","Manning Park Project 2025","2025",2025,"CML RNW",-120.771043,"High",49.07690699,1819.606201,"ERIOOVA","herb",1
"484","14-4320_2025","14-4320","Manning Park Project 2025","2025",2025,"CML RNW",-120.771043,"High",49.07690699,1819.606201,"POLEPUL","herb",1
"485","14-4320_2025","14-4320","Manning Park Project 2025","2025",2025,"CML RNW",-120.771043,"High",49.07690699,1819.606201,"DRYMPSE","herb",1
"486","14-4320_2025","14-4320","Manning Park Project 2025","2025",2025,"CML RNW",-120.771043,"High",49.07690699,1819.606201,"TARAOFF","herb",1
"487","14-4320_2025","14-4320","Manning Park Project 2025","2025",2025,"CML RNW",-120.771043,"High",49.07690699,1819.606201,"SAXIAUS","herb",2.5
"488","14-4320_2025","14-4320","Manning Park Project 2025","2025",2025,"CML RNW",-120.771043,"High",49.07690699,1819.606201,"ARNIPAR","herb",1
"489","14-4320_2025","14-4320","Manning Park Project 2025","2025",2025,"CML RNW",-120.771043,"High",49.07690699,1819.606201,"PACKCAN","herb",1
"490","14-4320_Error","14-4320","Manning Park Project 2025","Error",2025,"CML RNW",-120.77039,"High",49.07645999,1804.173218,"JUNICOM","shrub",1
"491","14-4320_Error","14-4320","Manning Park Project 2025","Error",2025,"CML RNW",-120.77039,"High",49.07645999,1804.173218,"SPIRLUC","shrub",1
"492","14-4320_Error","14-4320","Manning Park Project 2025","Error",2025,"CML RNW",-120.77039,"High",49.07645999,1804.173218,"AMELALN","shrub",1
"493","14-4320_Error","14-4320","Manning Park Project 2025","Error",2025,"CML RNW",-120.77039,"High",49.07645999,1804.173218,"SEDULAN","herb",1
"494","14-4320_Error","14-4320","Manning Park Project 2025","Error",2025,"CML RNW",-120.77039,"High",49.07645999,1804.173218,"SEDUDIV","herb",3
"495","14-4320_Error","14-4320","Manning Park Project 2025","Error",2025,"CML RNW",-120.77039,"High",49.07645999,1804.173218,"HEUCCYL","herb",1
"496","14-4320_Error","14-4320","Manning Park Project 2025","Error",2025,"CML RNW",-120.77039,"High",49.07645999,1804.173218,"ERIGCOM","herb",2
"497","14-4320_Error","14-4320","Manning Park Project 2025","Error",2025,"CML RNW",-120.77039,"High",49.07645999,1804.173218,"ERIOUMB","herb",4.5
"498","14-4320_Error","14-4320","Manning Park Project 2025","Error",2025,"CML RNW",-120.77039,"High",49.07645999,1804.173218,"EREMCAP","herb",3.5
"499","14-4320_Error","14-4320","Manning Park Project 2025","Error",2025,"CML RNW",-120.77039,"High",49.07645999,1804.173218,"SILEPAR","herb",1.1
"500","14-4320_Error","14-4320","Manning Park Project 2025","Error",2025,"CML RNW",-120.77039,"High",49.07645999,1804.173218,"ACHIMIL","herb",1
"501","14-4320_Error","14-4320","Manning Park Project 2025","Error",2025,"CML RNW",-120.77039,"High",49.07645999,1804.173218,"FRAGVIR","herb",1
"502","14-4320_Error","14-4320","Manning Park Project 2025","Error",2025,"CML RNW",-120.77039,"High",49.07645999,1804.173218,"PACKCAN","herb",1
"503","14-4320_Error","14-4320","Manning Park Project 2025","Error",2025,"CML RNW",-120.77039,"High",49.07645999,1804.173218,"PHLODIF","herb",4.5
"504","14-4320_Error","14-4320","Manning Park Project 2025","Error",2025,"CML RNW",-120.77039,"High",49.07645999,1804.173218,"PENSPRO","herb",1
"505","14-4320_Error","14-4320","Manning Park Project 2025","Error",2025,"CML RNW",-120.77039,"High",49.07645999,1804.173218,"PENSFRU","herb",1
"506","14-4386_2025","14-4386","Manning Park Project 2025","2025",2025,"CML RNW",-120.759847,"Med-High",49.10004004,1994.03418,"PINUALB","tree",2.5
"507","14-4386_2025","14-4386","Manning Park Project 2025","2025",2025,"CML RNW",-120.759847,"Med-High",49.10004004,1994.03418,"ABIELAS","tree",7.5
"508","14-4386_2025","14-4386","Manning Park Project 2025","2025",2025,"CML RNW",-120.759847,"Med-High",49.10004004,1994.03418,"VACCSCO","shrub",12
"509","14-4386_2025","14-4386","Manning Park Project 2025","2025",2025,"CML RNW",-120.759847,"Med-High",49.10004004,1994.03418,"PULSOCC","herb",7.5
"510","14-4386_2025","14-4386","Manning Park Project 2025","2025",2025,"CML RNW",-120.759847,"Med-High",49.10004004,1994.03418,"PHLODIF","herb",11.5
"511","14-4386_2025","14-4386","Manning Park Project 2025","2025",2025,"CML RNW",-120.759847,"Med-High",49.10004004,1994.03418,"ERYTGRA","herb",3
"512","14-4386_2025","14-4386","Manning Park Project 2025","2025",2025,"CML RNW",-120.759847,"Med-High",49.10004004,1994.03418,"EREMCAP","herb",2.5
"513","14-4386_2025","14-4386","Manning Park Project 2025","2025",2025,"CML RNW",-120.759847,"Med-High",49.10004004,1994.03418,"PENSPRO","herb",1
"514","14-4386_2025","14-4386","Manning Park Project 2025","2025",2025,"CML RNW",-120.759847,"Med-High",49.10004004,1994.03418,"VEROCUS","herb",2
"515","14-4386_2025","14-4386","Manning Park Project 2025","2025",2025,"CML RNW",-120.759847,"Med-High",49.10004004,1994.03418,"ANTELAN","herb",4
"516","14-4386_2025","14-4386","Manning Park Project 2025","2025",2025,"CML RNW",-120.759847,"Med-High",49.10004004,1994.03418,"VALESIT","herb",3.65
"517","14-4386_2025","14-4386","Manning Park Project 2025","2025",2025,"CML RNW",-120.759847,"Med-High",49.10004004,1994.03418,"ACHIMIL","herb",1.5
"518","14-4386_2025","14-4386","Manning Park Project 2025","2025",2025,"CML RNW",-120.759847,"Med-High",49.10004004,1994.03418,"ARNIPAR","herb",1.45
"519","14-4386_2025","14-4386","Manning Park Project 2025","2025",2025,"CML RNW",-120.759847,"Med-High",49.10004004,1994.03418,"THALOCC","herb",1
"520","14-4386_2025","14-4386","Manning Park Project 2025","2025",2025,"CML RNW",-120.759847,"Med-High",49.10004004,1994.03418,"ERIGGLA","herb",1
"521","14-4386_2025","14-4386","Manning Park Project 2025","2025",2025,"CML RNW",-120.759847,"Med-High",49.10004004,1994.03418,"SEDULAN","herb",1
"522","14-4386_2025","14-4386","Manning Park Project 2025","2025",2025,"CML RNW",-120.759847,"Med-High",49.10004004,1994.03418,"POTEFLA","herb",2
"523","14-4386_2025","14-4386","Manning Park Project 2025","2025",2025,"CML RNW",-120.759847,"Med-High",49.10004004,1994.03418,"AGOSAUR","herb",1
"524","14-4386_2025","14-4386","Manning Park Project 2025","2025",2025,"CML RNW",-120.759847,"Med-High",49.10004004,1994.03418,"DRYMGLA","herb",1
"525","14-4386_2025","14-4386","Manning Park Project 2025","2025",2025,"CML RNW",-120.759847,"Med-High",49.10004004,1994.03418,"PEDIRAC","herb",1
"526","14-4386_2025","14-4386","Manning Park Project 2025","2025",2025,"CML RNW",-120.759847,"Med-High",49.10004004,1994.03418,"ARNILAT","herb",1
"527","14-4386_Error","14-4386","Manning Park Project 2025","Error",2025,"CML RNW",-120.758873,"Med-High",49.09998598,1994.090088,"PINUALB","tree",1
"528","14-4386_Error","14-4386","Manning Park Project 2025","Error",2025,"CML RNW",-120.758873,"Med-High",49.09998598,1994.090088,"ABIELAS","tree",3.5
"529","14-4386_Error","14-4386","Manning Park Project 2025","Error",2025,"CML RNW",-120.758873,"Med-High",49.09998598,1994.090088,"VACCSCO","shrub",12.5
"530","14-4386_Error","14-4386","Manning Park Project 2025","Error",2025,"CML RNW",-120.758873,"Med-High",49.09998598,1994.090088,"VACCDEL","shrub",1
"531","14-4386_Error","14-4386","Manning Park Project 2025","Error",2025,"CML RNW",-120.758873,"Med-High",49.09998598,1994.090088,"PHLODIF","herb",2.5
"532","14-4386_Error","14-4386","Manning Park Project 2025","Error",2025,"CML RNW",-120.758873,"Med-High",49.09998598,1994.090088,"ERYTGRA","herb",1.65
"533","14-4386_Error","14-4386","Manning Park Project 2025","Error",2025,"CML RNW",-120.758873,"Med-High",49.09998598,1994.090088,"PEDIRAC","herb",1
"534","14-4386_Error","14-4386","Manning Park Project 2025","Error",2025,"CML RNW",-120.758873,"Med-High",49.09998598,1994.090088,"EREMCAP","herb",6.5
"535","14-4386_Error","14-4386","Manning Park Project 2025","Error",2025,"CML RNW",-120.758873,"Med-High",49.09998598,1994.090088,"VALESIT","herb",1
"536","14-4386_Error","14-4386","Manning Park Project 2025","Error",2025,"CML RNW",-120.758873,"Med-High",49.09998598,1994.090088,"ANTELAN","herb",6.5
"537","14-4386_Error","14-4386","Manning Park Project 2025","Error",2025,"CML RNW",-120.758873,"Med-High",49.09998598,1994.090088,"ACHIMIL","herb",1.25
"538","14-4386_Error","14-4386","Manning Park Project 2025","Error",2025,"CML RNW",-120.758873,"Med-High",49.09998598,1994.090088,"PULSOCC","herb",1
"539","14-4386_Error","14-4386","Manning Park Project 2025","Error",2025,"CML RNW",-120.758873,"Med-High",49.09998598,1994.090088,"ARNIPAR","herb",1
"540","14-4386_Error","14-4386","Manning Park Project 2025","Error",2025,"CML RNW",-120.758873,"Med-High",49.09998598,1994.090088,"SEDULAN","herb",1
"541","14-4386_Error","14-4386","Manning Park Project 2025","Error",2025,"CML RNW",-120.758873,"Med-High",49.09998598,1994.090088,"ARNILAT","herb",1
"542","14-4386_Error","14-4386","Manning Park Project 2025","Error",2025,"CML RNW",-120.758873,"Med-High",49.09998598,1994.090088,"PEDIBRA","herb",1
"543","14-4386_Error","14-4386","Manning Park Project 2025","Error",2025,"CML RNW",-120.758873,"Med-High",49.09998598,1994.090088,"ERIGGLA","herb",1
"544","14-4386_Error","14-4386","Manning Park Project 2025","Error",2025,"CML RNW",-120.758873,"Med-High",49.09998598,1994.090088,"LUPIARC","herb",1
"545","14-4386_Error","14-4386","Manning Park Project 2025","Error",2025,"CML RNW",-120.758873,"Med-High",49.09998598,1994.090088,"PENSPRO","herb",1
"546","14-4386_Error","14-4386","Manning Park Project 2025","Error",2025,"CML RNW",-120.758873,"Med-High",49.09998598,1994.090088,"POTEFLA","herb",1
"547","14-4386_Error","14-4386","Manning Park Project 2025","Error",2025,"CML RNW",-120.758873,"Med-High",49.09998598,1994.090088,"VEROCUS","herb",1
"548","14-4387_2025","14-4387","Manning Park Project 2025","2025",2025,"CML RNW",-120.773455,"High",49.09144901,1950.674438,"PINUALB","tree",1.5
"549","14-4387_2025","14-4387","Manning Park Project 2025","2025",2025,"CML RNW",-120.773455,"High",49.09144901,1950.674438,"ABIELAS","tree",5
"550","14-4387_2025","14-4387","Manning Park Project 2025","2025",2025,"CML RNW",-120.773455,"High",49.09144901,1950.674438,"PICEENG","tree",4
"551","14-4387_2025","14-4387","Manning Park Project 2025","2025",2025,"CML RNW",-120.773455,"High",49.09144901,1950.674438,"PAXIMYR","shrub",14
"552","14-4387_2025","14-4387","Manning Park Project 2025","2025",2025,"CML RNW",-120.773455,"High",49.09144901,1950.674438,"JUNICOM","shrub",1
"553","14-4387_2025","14-4387","Manning Park Project 2025","2025",2025,"CML RNW",-120.773455,"High",49.09144901,1950.674438,"VACCSCO","shrub",1
"554","14-4387_2025","14-4387","Manning Park Project 2025","2025",2025,"CML RNW",-120.773455,"High",49.09144901,1950.674438,"SILEPAR","herb",1.5
"555","14-4387_2025","14-4387","Manning Park Project 2025","2025",2025,"CML RNW",-120.773455,"High",49.09144901,1950.674438,"PHLODIF","herb",6
"556","14-4387_2025","14-4387","Manning Park Project 2025","2025",2025,"CML RNW",-120.773455,"High",49.09144901,1950.674438,"ERYTGRA","herb",1
"557","14-4387_2025","14-4387","Manning Park Project 2025","2025",2025,"CML RNW",-120.773455,"High",49.09144901,1950.674438,"ACHIMIL","herb",4.5
"558","14-4387_2025","14-4387","Manning Park Project 2025","2025",2025,"CML RNW",-120.773455,"High",49.09144901,1950.674438,"ARNILAT","herb",1
"559","14-4387_2025","14-4387","Manning Park Project 2025","2025",2025,"CML RNW",-120.773455,"High",49.09144901,1950.674438,"ARNICOR","herb",1
"560","14-4387_2025","14-4387","Manning Park Project 2025","2025",2025,"CML RNW",-120.773455,"High",49.09144901,1950.674438,"FRAGVIR","herb",1
"561","14-4387_2025","14-4387","Manning Park Project 2025","2025",2025,"CML RNW",-120.773455,"High",49.09144901,1950.674438,"AGOSAUR","herb",1
"562","14-4387_2025","14-4387","Manning Park Project 2025","2025",2025,"CML RNW",-120.773455,"High",49.09144901,1950.674438,"ANTEROS","herb",1.4
"563","14-4387_2025","14-4387","Manning Park Project 2025","2025",2025,"CML RNW",-120.773455,"High",49.09144901,1950.674438,"ARNIPAR","herb",1
"564","14-4387_2025","14-4387","Manning Park Project 2025","2025",2025,"CML RNW",-120.773455,"High",49.09144901,1950.674438,"ERIOUMB","herb",9
"565","14-4387_2025","14-4387","Manning Park Project 2025","2025",2025,"CML RNW",-120.773455,"High",49.09144901,1950.674438,"EREMCAP","herb",7
"566","14-4387_2025","14-4387","Manning Park Project 2025","2025",2025,"CML RNW",-120.773455,"High",49.09144901,1950.674438,"LUPIARC","herb",1
"567","14-4387_2025","14-4387","Manning Park Project 2025","2025",2025,"CML RNW",-120.773455,"High",49.09144901,1950.674438,"POTEFLA","herb",1
"568","14-4387_2025","14-4387","Manning Park Project 2025","2025",2025,"CML RNW",-120.773455,"High",49.09144901,1950.674438,"PEDIRAC","herb",1
"569","14-4387_2025","14-4387","Manning Park Project 2025","2025",2025,"CML RNW",-120.773455,"High",49.09144901,1950.674438,"PEDIBRA","herb",1
"570","14-4387_2025","14-4387","Manning Park Project 2025","2025",2025,"CML RNW",-120.773455,"High",49.09144901,1950.674438,"CHAMANG","herb",1
"571","14-4387_Error","14-4387","Manning Park Project 2025","Error",2025,"CML RNW",-120.772849,"High",49.09100703,1954.005493,"ABIELAS","tree",12
"572","14-4387_Error","14-4387","Manning Park Project 2025","Error",2025,"CML RNW",-120.772849,"High",49.09100703,1954.005493,"PICEENG","tree",2.5
"573","14-4387_Error","14-4387","Manning Park Project 2025","Error",2025,"CML RNW",-120.772849,"High",49.09100703,1954.005493,"PINUALB","tree",3
"574","14-4387_Error","14-4387","Manning Park Project 2025","Error",2025,"CML RNW",-120.772849,"High",49.09100703,1954.005493,"PAXIMYR","shrub",14.5
"575","14-4387_Error","14-4387","Manning Park Project 2025","Error",2025,"CML RNW",-120.772849,"High",49.09100703,1954.005493,"JUNICOM","shrub",1
"576","14-4387_Error","14-4387","Manning Park Project 2025","Error",2025,"CML RNW",-120.772849,"High",49.09100703,1954.005493,"VACCSCO","shrub",11
"577","14-4387_Error","14-4387","Manning Park Project 2025","Error",2025,"CML RNW",-120.772849,"High",49.09100703,1954.005493,"SORBSCO","shrub",1
"578","14-4387_Error","14-4387","Manning Park Project 2025","Error",2025,"CML RNW",-120.772849,"High",49.09100703,1954.005493,"VACCDEL","shrub",1
"579","14-4387_Error","14-4387","Manning Park Project 2025","Error",2025,"CML RNW",-120.772849,"High",49.09100703,1954.005493,"PHLODIF","herb",4.5
"580","14-4387_Error","14-4387","Manning Park Project 2025","Error",2025,"CML RNW",-120.772849,"High",49.09100703,1954.005493,"PENSPRO","herb",1
"581","14-4387_Error","14-4387","Manning Park Project 2025","Error",2025,"CML RNW",-120.772849,"High",49.09100703,1954.005493,"EREMCAP","herb",2.5
"582","14-4387_Error","14-4387","Manning Park Project 2025","Error",2025,"CML RNW",-120.772849,"High",49.09100703,1954.005493,"ANTELAN","herb",1
"583","14-4387_Error","14-4387","Manning Park Project 2025","Error",2025,"CML RNW",-120.772849,"High",49.09100703,1954.005493,"ANTEROS","herb",1
"584","14-4387_Error","14-4387","Manning Park Project 2025","Error",2025,"CML RNW",-120.772849,"High",49.09100703,1954.005493,"ARNICOR","herb",1
"585","14-4387_Error","14-4387","Manning Park Project 2025","Error",2025,"CML RNW",-120.772849,"High",49.09100703,1954.005493,"ACHIMIL","herb",2
"586","14-4387_Error","14-4387","Manning Park Project 2025","Error",2025,"CML RNW",-120.772849,"High",49.09100703,1954.005493,"HIERALB","herb",1
"587","14-4387_Error","14-4387","Manning Park Project 2025","Error",2025,"CML RNW",-120.772849,"High",49.09100703,1954.005493,"PEDIRAC","herb",1
"588","14-4387_Error","14-4387","Manning Park Project 2025","Error",2025,"CML RNW",-120.772849,"High",49.09100703,1954.005493,"LUPIARC","herb",1.5
"589","14-4387_Error","14-4387","Manning Park Project 2025","Error",2025,"CML RNW",-120.772849,"High",49.09100703,1954.005493,"ARNIPAR","herb",1.1
"590","14-4387_Error","14-4387","Manning Park Project 2025","Error",2025,"CML RNW",-120.772849,"High",49.09100703,1954.005493,"PEDIBRA","herb",1
"591","14-4387_Error","14-4387","Manning Park Project 2025","Error",2025,"CML RNW",-120.772849,"High",49.09100703,1954.005493,"ARNILAT","herb",1
"592","14-4387_Error","14-4387","Manning Park Project 2025","Error",2025,"CML RNW",-120.772849,"High",49.09100703,1954.005493,"AGOSAUR","herb",1
"593","14-4387_Error","14-4387","Manning Park Project 2025","Error",2025,"CML RNW",-120.772849,"High",49.09100703,1954.005493,"CHAMANG","herb",1
"594","14-4387_Error","14-4387","Manning Park Project 2025","Error",2025,"CML RNW",-120.772849,"High",49.09100703,1954.005493,"VEROCUS","herb",1
"595","14-4387_Error","14-4387","Manning Park Project 2025","Error",2025,"CML RNW",-120.772849,"High",49.09100703,1954.005493,"ORTHSEC","herb",1
"596","14-4387_Error","14-4387","Manning Park Project 2025","Error",2025,"CML RNW",-120.772849,"High",49.09100703,1954.005493,"ANTERAC","herb",1
"597","14-4387_Error","14-4387","Manning Park Project 2025","Error",2025,"CML RNW",-120.772849,"High",49.09100703,1954.005493,"FRAGVIR","herb",1
"598","14-4387_Error","14-4387","Manning Park Project 2025","Error",2025,"CML RNW",-120.772849,"High",49.09100703,1954.005493,"ERYTGRA","herb",1
"599","14-4387_Error","14-4387","Manning Park Project 2025","Error",2025,"CML RNW",-120.772849,"High",49.09100703,1954.005493,"SILEPAR","herb",1
"600","14-4387_Error","14-4387","Manning Park Project 2025","Error",2025,"CML RNW",-120.772849,"High",49.09100703,1954.005493,"ERIOUMB","herb",1
"601","14-4388_2025","14-4388","Manning Park Project 2025","2025",2025,"CML RNW",-120.762014,"High",49.068998,1617.820679,"PSEUMEN","tree",22.5
"602","14-4388_2025","14-4388","Manning Park Project 2025","2025",2025,"CML RNW",-120.762014,"High",49.068998,1617.820679,"PINUCON","tree",2
"603","14-4388_2025","14-4388","Manning Park Project 2025","2025",2025,"CML RNW",-120.762014,"High",49.068998,1617.820679,"PAXIMYR","shrub",21
"604","14-4388_2025","14-4388","Manning Park Project 2025","2025",2025,"CML RNW",-120.762014,"High",49.068998,1617.820679,"SPIRLUC","shrub",6
"605","14-4388_2025","14-4388","Manning Park Project 2025","2025",2025,"CML RNW",-120.762014,"High",49.068998,1617.820679,"SORBSCO","shrub",1
"606","14-4388_2025","14-4388","Manning Park Project 2025","2025",2025,"CML RNW",-120.762014,"High",49.068998,1617.820679,"AMELALN","shrub",1.5
"607","14-4388_2025","14-4388","Manning Park Project 2025","2025",2025,"CML RNW",-120.762014,"High",49.068998,1617.820679,"ARCTUVA","shrub",4.5
"608","14-4388_2025","14-4388","Manning Park Project 2025","2025",2025,"CML RNW",-120.762014,"High",49.068998,1617.820679,"HOLODIS","shrub",1
"609","14-4388_2025","14-4388","Manning Park Project 2025","2025",2025,"CML RNW",-120.762014,"High",49.068998,1617.820679,"LONIUTA","shrub",2.1
"610","14-4388_2025","14-4388","Manning Park Project 2025","2025",2025,"CML RNW",-120.762014,"High",49.068998,1617.820679,"RIBEVIS","shrub",1
"611","14-4388_2025","14-4388","Manning Park Project 2025","2025",2025,"CML RNW",-120.762014,"High",49.068998,1617.820679,"VACCALA","shrub",1
"612","14-4388_2025","14-4388","Manning Park Project 2025","2025",2025,"CML RNW",-120.762014,"High",49.068998,1617.820679,"HIERALB","herb",1
"613","14-4388_2025","14-4388","Manning Park Project 2025","2025",2025,"CML RNW",-120.762014,"High",49.068998,1617.820679,"SYMPFOL","herb",1
"614","14-4388_2025","14-4388","Manning Park Project 2025","2025",2025,"CML RNW",-120.762014,"High",49.068998,1617.820679,"SEDULAN","herb",1
"615","14-4388_2025","14-4388","Manning Park Project 2025","2025",2025,"CML RNW",-120.762014,"High",49.068998,1617.820679,"ERYTGRA","herb",1
"616","14-4388_2025","14-4388","Manning Park Project 2025","2025",2025,"CML RNW",-120.762014,"High",49.068998,1617.820679,"GOODOBL","herb",1
"617","14-4388_2025","14-4388","Manning Park Project 2025","2025",2025,"CML RNW",-120.762014,"High",49.068998,1617.820679,"HIERUMB","herb",1
"618","14-4388_2025","14-4388","Manning Park Project 2025","2025",2025,"CML RNW",-120.762014,"High",49.068998,1617.820679,"MOEHMAC","herb",1
"619","14-4388_2025","14-4388","Manning Park Project 2025","2025",2025,"CML RNW",-120.762014,"High",49.068998,1617.820679,"PHLODIF","herb",1
"620","14-4388_2025","14-4388","Manning Park Project 2025","2025",2025,"CML RNW",-120.762014,"High",49.068998,1617.820679,"FRAGVIR","herb",1
"621","14-4388_2025","14-4388","Manning Park Project 2025","2025",2025,"CML RNW",-120.762014,"High",49.068998,1617.820679,"ACHIMIL","herb",1
"622","14-4388_Error","14-4388","Manning Park Project 2025","Error",2025,"CML RNW",-120.761574,"High",49.06877998,1621.842163,"PSEUMEN","tree",25.25
"623","14-4388_Error","14-4388","Manning Park Project 2025","Error",2025,"CML RNW",-120.761574,"High",49.06877998,1621.842163,"ABIELAS","tree",1
"624","14-4388_Error","14-4388","Manning Park Project 2025","Error",2025,"CML RNW",-120.761574,"High",49.06877998,1621.842163,"PAXIMYR","shrub",16
"625","14-4388_Error","14-4388","Manning Park Project 2025","Error",2025,"CML RNW",-120.761574,"High",49.06877998,1621.842163,"SPIRLUC","shrub",5
"626","14-4388_Error","14-4388","Manning Park Project 2025","Error",2025,"CML RNW",-120.761574,"High",49.06877998,1621.842163,"CEANVEL","shrub",2.5
"627","14-4388_Error","14-4388","Manning Park Project 2025","Error",2025,"CML RNW",-120.761574,"High",49.06877998,1621.842163,"HOLODIS","shrub",1
"628","14-4388_Error","14-4388","Manning Park Project 2025","Error",2025,"CML RNW",-120.761574,"High",49.06877998,1621.842163,"AMELALN","shrub",6
"629","14-4388_Error","14-4388","Manning Park Project 2025","Error",2025,"CML RNW",-120.761574,"High",49.06877998,1621.842163,"JUNICOM","shrub",1
"630","14-4388_Error","14-4388","Manning Park Project 2025","Error",2025,"CML RNW",-120.761574,"High",49.06877998,1621.842163,"VACCSCO","shrub",1
"631","14-4388_Error","14-4388","Manning Park Project 2025","Error",2025,"CML RNW",-120.761574,"High",49.06877998,1621.842163,"ARCTUVA","shrub",2.7
"632","14-4388_Error","14-4388","Manning Park Project 2025","Error",2025,"CML RNW",-120.761574,"High",49.06877998,1621.842163,"MAHOAQU","shrub",1
"633","14-4388_Error","14-4388","Manning Park Project 2025","Error",2025,"CML RNW",-120.761574,"High",49.06877998,1621.842163,"SORBSCO","shrub",1
"634","14-4388_Error","14-4388","Manning Park Project 2025","Error",2025,"CML RNW",-120.761574,"High",49.06877998,1621.842163,"VACCMEM","shrub",1
"635","14-4388_Error","14-4388","Manning Park Project 2025","Error",2025,"CML RNW",-120.761574,"High",49.06877998,1621.842163,"LONIUTA","shrub",1
"636","14-4388_Error","14-4388","Manning Park Project 2025","Error",2025,"CML RNW",-120.761574,"High",49.06877998,1621.842163,"ACHIMIL","herb",1
"637","14-4388_Error","14-4388","Manning Park Project 2025","Error",2025,"CML RNW",-120.761574,"High",49.06877998,1621.842163,"SYMPFOL","herb",1
"638","14-4388_Error","14-4388","Manning Park Project 2025","Error",2025,"CML RNW",-120.761574,"High",49.06877998,1621.842163,"CHAMANG","herb",1
"639","14-4388_Error","14-4388","Manning Park Project 2025","Error",2025,"CML RNW",-120.761574,"High",49.06877998,1621.842163,"EREMCAP","herb",1
"640","14-4388_Error","14-4388","Manning Park Project 2025","Error",2025,"CML RNW",-120.761574,"High",49.06877998,1621.842163,"HIERALB","herb",1
"641","14-4388_Error","14-4388","Manning Park Project 2025","Error",2025,"CML RNW",-120.761574,"High",49.06877998,1621.842163,"HIERUMB","herb",1
"642","14-4388_Error","14-4388","Manning Park Project 2025","Error",2025,"CML RNW",-120.761574,"High",49.06877998,1621.842163,"ERIOUMB","herb",1
"643","14-4388_Error","14-4388","Manning Park Project 2025","Error",2025,"CML RNW",-120.761574,"High",49.06877998,1621.842163,"PENSFRU","herb",1
"644","14-4388_Error","14-4388","Manning Park Project 2025","Error",2025,"CML RNW",-120.761574,"High",49.06877998,1621.842163,"MOEHMAC","herb",1
"645","14-4388_Error","14-4388","Manning Park Project 2025","Error",2025,"CML RNW",-120.761574,"High",49.06877998,1621.842163,"GOODOBL","herb",1
"646","14-4388_Error","14-4388","Manning Park Project 2025","Error",2025,"CML RNW",-120.761574,"High",49.06877998,1621.842163,"ERYTGRA","herb",1
